timestamp,actual_close,actual_high,actual_low,predicted_close,predicted_high,predicted_low,deepPredictor,open,high,low,close,volume,netflow_total,exchange_whale_ratio,funding_rates,average_dormancy,sa_average_dormancy,log_return,prob_bullish,prob_bearish,marketRegime
2024-03-02,61987.28,62433.19,61561.12,57958.10799431563,59170.48791766167,57110.41242518425,sell,62387.9,62433.19,61561.12,61987.28,25534.73659,456.76493151,0.31963074,0.05652118,10.58262814,5.4e-07,-0.006442143609634661,0.9999846923129307,1.5307687088488844e-05,buy
2024-03-03,63113.97000000001,63231.88,61320.0,59674.24228438497,60954.18366283178,58805.575045156475,sell,61987.28,63231.88,61320.0,63113.97,28994.90903,-135.80290764,0.29874171,0.04789808,11.76617878,6e-07,0.018012936948412033,0.9999754806421656,2.4519348504611092e-05,buy
2024-03-04,68245.71000000002,68499.0,62300.0,61077.88391817571,62440.89772641659,60177.02293395996,sell,63113.97,68499.0,62300.0,68245.71,84835.16005,-540.14326156,0.21602022,0.06250599,23.00829145,1.17e-06,0.07817243529189463,0.9999920303521713,7.969647813132379e-06,buy
2024-03-05,63724.01000000001,69000.0,59005.0,62510.066876889476,63944.519007503986,61614.249433517456,sell,68245.71,69000.0,59005.0,63724.01,132696.7813,4875.49776884,0.20249951,0.07887387,27.16508631,1.38e-06,-0.06855316030923639,0.9999965636478049,3.4363522061503957e-06,buy
2024-03-06,66074.04,67641.1,62779.13999999999,63383.88356544257,64944.626142680645,62524.2700621128,sell,63724.01,67641.1,62779.14,66074.04,78738.85491,2643.80200309,0.19411036,0.03840476,48.85195369,2.49e-06,0.03621451680304252,0.9999637742602903,3.6209007257518674e-05,buy
2024-03-07,66823.17,67980.0,65551.0,64161.20750582815,65789.99015808105,63271.527421140665,sell,66074.04,67980.0,65551.0,66823.17,53059.8869,-79.23630276,0.30760834,0.04437566,26.9912751,1.37e-06,0.011273945248864211,0.9999634676431507,3.6532051385208224e-05,buy
2024-03-08,68124.19,69990.00000000001,66082.66,65027.3938466549,66701.88080847263,64113.388983440396,sell,66823.18,69990.0,66082.66,68124.19,74261.932842,-3674.63287351,0.30547793,0.0435441,24.85513029,1.26e-06,0.019282486315176334,0.9999111280429609,8.887141993024595e-05,buy
2024-03-09,68313.27000000002,68541.1,67861.1,65876.77430035116,67590.947971344,64947.46188879013,sell,68124.2,68541.1,67861.1,68313.27,19872.89743,-792.03491579,0.31187146,0.02901882,15.38749117,7.8e-07,0.0027716745979517753,0.9998428483350924,0.00012797187627360302,buy
2024-03-10,68955.88000000002,69887.61000000002,68094.75,66767.1994862795,68511.1446377635,65807.71375565529,sell,68313.28,69887.61,68094.75,68955.88,38404.66835,1276.72736655,0.40753692,0.05454584,28.23307929,1.44e-06,0.009362842188647231,0.9999042686666164,9.573133339001837e-05,buy
2024-03-11,72078.10000000002,72800.0,67024.96,67539.57943013907,69314.98171329498,66553.57671823501,sell,68955.88,72800.0,67024.96,72078.1,75292.825726,6175.24856579,0.27836155,0.06374805,20.57079542,1.05e-06,0.044283373561153284,0.9999839509224364,1.6049077536956105e-05,buy
2024-03-12,71452.01000000001,73000.0,68620.82,68251.9590568328,70064.40103769302,67259.93379793166,sell,72078.1,73000.0,68620.82,71452.01,68783.546691,1235.96093564,0.28373736,0.04747114,15.18255531,7.7e-07,-0.008724217811494954,0.9999774764272856,2.252355930526798e-05,buy
2024-03-13,73072.41000000002,73650.25000000001,71333.31,68984.87955493212,70840.47497987747,67996.47759466172,sell,71452.0,73650.25,71333.31,73072.41,52659.711647,-3233.15442215,0.25346654,0.04780733,20.2069578,1.03e-06,0.022424831790492365,0.9999143253838406,8.567459851729022e-05,buy
2024-03-14,71388.94,73777.00000000001,68555.0,69846.92379511357,71723.24275970459,68842.92765893936,sell,73072.4,73777.0,68555.0,71388.94,71757.628746,-2334.56326045,0.35745647,0.03741991,29.3477389,1.49e-06,-0.02330791194500903,0.9916505011358431,0.008313890699529968,buy
2024-03-15,69499.85,72419.71000000002,65600.0,70353.42590708256,72283.75595927238,69341.74652194977,sell,71388.94,72419.71,65600.0,69499.85,103334.03546,-4530.43710399,0.36265929,0.02007064,14.59878427,7.4e-07,-0.02681836109117046,0.8921411723483065,0.015204712735590655,buy
2024-03-16,65300.63,70043.0,64780.0,70235.65207592727,72240.45790672302,69186.98968925475,buy,69499.84,70043.0,64780.0,65300.63,55926.95336,2118.68911364,0.27043975,0.0197725,11.55128105,5.9e-07,-0.062322910279710986,0.874065012545791,0.002602305776342259,buy
2024-03-17,68393.48,68904.4,64533.0,69617.06342512608,71670.13450145721,68493.55421829224,buy,65300.64,68904.4,64533.0,68393.48,49742.21589,495.83767747,0.29775365,0.01995308,53.98408368,2.75e-06,0.046275814432356635,0.8632775387137913,0.001046317788114469,buy
2024-03-18,67609.99,68956.0,66565.2,68849.07540332079,70900.81842184067,67621.46056814193,buy,68393.47,68956.0,66565.2,67609.99,55691.08088,-1732.62339558,0.32180547,0.02847769,17.31236562,8.8e-07,-0.01152174525222046,0.8581777396890213,0.02152218175228229,buy
2024-03-19,61937.4,68124.11,61555.0,68252.01457270146,70282.80686557293,66953.48115034103,buy,67610.0,68124.11,61555.0,61937.4,101005.32487,5452.62095411,0.33091854,0.02317695,11.98202275,6.1e-07,-0.08763155563733493,0.6190461914593277,0.2889058579010682,buy
2024-03-20,67840.51,68100.0,60775.0,67088.98179791452,69130.37775933743,65731.47565917969,buy,61937.41,68100.0,60775.0,67840.51,90420.58592,-1908.65554963,0.27280591,0.01700925,13.0750508,6.7e-07,0.09103531158594273,0.30386696033204863,0.07444190909890509,hold
2024-03-21,65501.27,68240.47,64529.01000000001,66042.63412641406,68038.61868321896,64591.80005288124,sell,67840.51,68240.47,64529.01,65501.27,53357.48002,1088.50414533,0.38055222,0.01915549,29.26297907,1.49e-06,-0.03508997737785613,0.03685803169061547,0.014157276102362618,hold
2024-03-22,63796.64000000001,66649.62,62260.0,65522.08033124328,67459.65953350067,64028.9780904293,buy,65501.28,66649.62,62260.0,63796.64,51482.37821,-2128.7048351,0.35232131,0.0112868,42.82515031,2.18e-06,-0.026369007379098856,0.0015798567550273062,0.0005075095772034777,hold
2024-03-23,63990.01,65999.0,63000.0,64937.41187619568,66827.16190844774,63389.648831319806,buy,63796.64,65999.0,63000.0,63990.01,26410.11409,-924.19045096,0.42828922,0.0114912,227.68402914,1.158e-05,0.003026453038660462,0.0013376050430965911,0.0007396961779897661,hold
2024-03-24,67209.99,67628.69,63772.29,64486.17889569641,66316.7642891407,62876.65310029983,buy,63990.02,67628.69,63772.29,67209.99,31395.78015,-591.10149603,0.39005445,0.01620251,23.49854321,1.2e-06,0.04909491976870599,0.03901637966675118,0.007789568184074202,hold
2024-03-25,69880.01,71150.0,66385.06,64396.63796797157,66164.34810996056,62751.78656196594,sell,67210.0,71150.0,66385.06,69880.01,53431.14486,-625.11780355,0.31542654,0.02468944,56.05822837,2.85e-06,0.038957731173826136,0.5585357051038383,0.01539185850792759,buy
2024-03-26,69988.0,71561.1,69280.0,64908.38632952929,66621.80704563856,63282.61907358169,sell,69880.0,71561.1,69280.0,69988.0,38934.38417,3781.4192653,0.3020676,0.0258169,22.24524419,1.13e-06,0.0015441704140665396,0.8937328936214489,0.008765810007619756,buy
2024-03-27,69469.99000000002,71769.54,68359.18,65887.97000053168,67571.1485645175,64302.98757901191,sell,69987.99,71769.54,68359.18,69469.99,49119.35685,2286.54620874,0.29777244,0.03279905,12.10925252,6.2e-07,-0.007428938024621631,0.9974378454283802,0.0014919916058154213,buy
2024-03-28,70780.60000000002,71552.06,68903.62,66839.4996525693,68532.81250566244,65292.77615365982,sell,69469.99,71552.06,68903.62,70780.6,35439.03239,-1913.65650724,0.30838534,0.0271968,42.21307011,2.15e-06,0.01869009109453202,0.999298672889933,0.00024159735262104225,buy
2024-03-29,69850.54,70916.16,69009.0,67770.66731766702,69489.41747069359,66245.46047401428,sell,70780.6,70916.16,69009.0,69850.54,25445.08353,1429.16107749,0.30383076,0.02542674,9.65666031,4.9e-07,-0.01322713532737063,0.9995242230110262,0.0001496578071691987,buy
2024-03-30,69582.18,70321.1,69540.0,68537.08238986017,70302.68477916718,67032.32958116531,sell,69850.53,70321.1,69540.0,69582.18,13644.61142,1105.62833054,0.25915179,0.03188589,11.11624325,5.7e-07,-0.0038493164497219014,0.9999182918880827,7.155253167157025e-05,buy
2024-03-31,71280.01,71366.0,69562.99,69096.63916698219,70906.49603128433,67596.04686107635,sell,69582.17,71366.0,69562.99,71280.01,19396.34433,391.7888994,0.35393824,0.04482617,17.79196247,9e-07,0.024107423379159526,0.9990329189642516,0.0009670773048638465,buy
2024-04-01,69649.8,71288.23000000001,68062.86,69557.12479225875,71402.62112021446,68066.69347133636,sell,71280.0,71288.23,68062.86,69649.8,41445.32039,-1013.44482895,0.35538231,0.03517021,57.47011796,2.92e-06,-0.02313609473301786,0.9332633815419217,0.0647827025776585,buy
2024-04-02,65463.99,69674.23000000001,64550.0,69716.08522953272,71615.01646995544,68252.06653146744,buy,69649.81,69674.23,64550.0,65463.99,71799.82793,-1992.73732001,0.35892863,0.01275318,24.85542918,1.26e-06,-0.06197960825197718,0.050732833764946604,0.035512062302078345,hold
2024-04-03,65963.28,66903.63,64493.07000000001,69172.40599084855,71140.87327599525,67714.01703519821,buy,65463.99,66903.63,64493.07,65963.28,39887.21778,-2036.69593024,0.41416782,0.01,11.02347549,5.6e-07,0.007598003093028574,0.0004897501185832972,0.0011060461388017026,hold
2024-04-04,68487.79000000001,69309.91000000002,65064.51999999999,68339.72964519025,70330.31288087368,66833.59330301285,buy,65963.27,69309.91,65064.52,68487.79,41510.48453,-3947.34901381,0.27058517,0.01,11.09246958,5.6e-07,0.03755725764251874,2.973206018230877e-05,0.0003042389138242538,hold
2024-04-05,67820.62000000001,68756.67,65952.56,67716.8847777915,69685.64670681953,66187.26181445121,sell,68487.8,68756.67,65952.56,67820.62,37915.23073,921.69237671,0.54309531,0.01,6.33856345,3.2e-07,-0.009789202703133824,1.3869666258360221e-06,0.012432303189274463,hold
2024-04-06,68896.00000000001,69692.00000000001,67447.83,67311.59734704137,69252.36471533775,65780.79071273803,sell,67820.63,69692.0,67447.83,68896.0,20134.28919,-448.8997803,0.3472924,0.01,12.19810026,6.2e-07,0.015731842680183246,3.675931463909132e-06,0.00011645551428720077,hold
2024-04-07,69360.39,70326.29,68824.0,67230.39305226089,69117.9548484087,65695.2969695568,sell,68896.0,70326.29,68824.0,69360.39,21534.74433,976.73148197,0.32930313,0.01,9.57601405,4.9e-07,0.006717834111896003,5.6974581849544494e-06,7.828675846693654e-05,hold
2024-04-08,71620.0,72797.99000000002,69043.24,67432.33819295527,69273.5301399231,65907.81992669105,sell,69360.38,72797.99,69043.24,71620.0,45723.87624,2484.33744589,0.2943964,0.0202846,9.76020528,5e-07,0.03205840927643814,0.0001453958171296416,0.0010475284815966684,hold
2024-04-09,69146.0,71758.19,68210.0,67895.10922149182,69702.78630435467,66399.12840709685,sell,71620.0,71758.19,68210.0,69146.0,39293.90242,2542.63470502,0.47239348,0.01970703,14.20033891,7.2e-07,-0.03515415339654028,4.8331504670358145e-05,0.022487977292045908,hold
2024-04-10,70631.08000000002,71172.08,67518.0,68289.6419947958,70104.22595083714,66828.0883105278,sell,69146.0,71172.08,67518.0,70631.08,42006.02377,-307.79754699,0.46447992,0.01341667,10.11356211,5.1e-07,0.02125006308303191,5.721836920539053e-06,0.002217705267188803,hold
2024-04-11,70006.23,71305.89000000001,69567.21,68559.20854773761,70384.21248733997,67096.73194379806,sell,70631.08,71305.89,69567.21,70006.23,31917.25595,-1036.26115107,0.42844029,0.01913337,8.04348322,4.1e-07,-0.00888603616768445,2.313274585364388e-05,0.002541933876866284,hold
2024-04-12,67116.52,71227.46000000002,65086.86000000001,68894.26532041312,70730.23891687393,67433.86736268997,sell,70006.22,71227.46,65086.86,67116.52,56072.86229,3311.9216826,0.29164607,0.01838348,11.64734696,5.9e-07,-0.04215402471169341,7.543411220935839e-05,0.0012226602404926774,hold
2024-04-13,63924.509999999995,67929.0,60660.57000000001,68715.14028595449,70593.81927669048,67257.25389499664,buy,67116.52,67929.0,60660.57,63924.51,71395.22019,609.04445241,0.330678,0.01,8.06079488,4.1e-07,-0.04872735746222276,9.238277909280192e-06,0.0002804388764174103,hold
2024-04-14,65661.84,65840.0,62134.0,67780.0371626115,69717.30063557625,66287.23187303543,buy,63924.52,65840.0,62134.0,65661.84,61599.17818,2412.59081424,0.35943054,0.01,9.88664157,5e-07,0.026815078915186055,5.283255453458395e-06,0.00020418466834675372,hold
2024-04-15,63419.990000000005,66867.07,62274.399999999994,66744.37012739897,68686.99037671089,65177.234830617905,buy,65661.85,66867.07,62274.4,63419.99,52389.53069,-1263.17168434,0.40707763,0.00687363,10.53046855,5.3e-07,-0.03473882339914055,2.6308084306743413e-06,0.0005077647961825157,hold
2024-04-16,63793.38999999999,64365.0,61600.0,65775.22343970538,67698.31696718931,64164.924182319635,buy,63419.99,64365.0,61600.0,63793.39,53435.29331,2527.27458418,0.38663473,0.0070393,23.90095229,1.21e-06,0.005870468536476564,4.400784652279632e-06,0.00025652670272191584,hold
2024-04-17,61277.37000000001,64499.0,59678.16,64798.26751981975,66687.05873072147,63130.34856166839,buy,63793.4,64499.0,59678.16,61277.37,50610.54509,-1498.80282757,0.42140542,0.00557326,8.96186412,4.6e-07,-0.040238973210926274,6.673585200327103e-05,0.011902921662396058,hold
2024-04-18,63470.08,64117.09,60803.35,63768.975556858786,65623.41763854027,62062.70971417427,buy,61277.38,64117.09,60803.35,63470.08,43601.60918,-2465.78394016,0.77156837,0.00236655,21.26177303,1.08e-06,0.035158006998813135,1.4033070074301626e-10,0.9994521788491103,sell
2024-04-19,63818.01,65450.0,59600.009999999995,62986.66444093824,64779.319152235985,61235.42125835418,sell,63470.09,65450.0,59600.01,63818.01,69774.30271,646.74564734,0.34072898,0.00554737,14.46494915,7.3e-07,0.005466825160537417,2.740161938242503e-05,0.0010435538111115796,hold
2024-04-20,64940.59,65419.0,63090.07,62426.910274060974,64174.5878008008,60672.68096337318,sell,63818.01,65419.0,63090.07,64940.59,23137.42975,-565.63775558,0.50199668,0.00381411,6.73915079,3.4e-07,0.01743741302682119,1.3375940431300098e-06,0.0031193505958262077,hold
2024-04-21,64941.15,65695.56,64237.5,62416.21730091334,64098.78166586161,60659.86824460029,sell,64940.58,65695.56,64237.5,64941.15,19316.42152,-761.92681818,0.48773205,0.00408288,7.32207134,3.7e-07,8.623229100669178e-06,1.5561546285703805e-06,0.0021253082546686436,hold
2024-04-22,66819.32,67232.35,64500.0,62733.953122565756,64369.95660275221,60992.28207378387,sell,64941.15,67232.35,64500.0,66819.32,31397.99371,-3899.68935614,0.43029171,0.00199741,8.20985363,4.2e-07,0.028510785110948657,2.7638662852347025e-05,0.01062990688082308,hold
2024-04-23,66414.0,67183.01,65765.81,63298.52483315707,64905.36961853504,61582.704616689676,sell,66819.32,67183.01,65765.81,66414.0,22599.90004,-2358.30715821,0.61998111,0.00215741,11.14462316,5.7e-07,-0.006084382651452649,7.49463712621826e-07,0.363232836212229,hold
2024-04-24,64289.590000000004,67070.43,63606.05999999999,64027.14593564988,65632.12560921907,62349.09333696365,sell,66414.0,67070.43,63606.06,64289.59,33595.69637,9210.14348624,0.30127348,0.0054198,28.52478966,1.45e-06,-0.03251015685090299,0.00027244327176550033,0.12526167254098158,hold
2024-04-25,64498.34,65297.939999999995,62794.0,64465.872424625166,66102.45651453733,62822.1687983036,buy,64289.58,65297.94,62794.0,64498.34,31341.46338,-924.2907526,0.33503968,0.00344511,11.22217793,5.7e-07,0.0032417662557915235,7.424149257355718e-06,0.00020877005386061572,hold
2024-04-26,63770.01000000001,64820.009999999995,63297.48000000001,64603.60112635017,66277.8563350439,62966.50849137306,buy,64498.33,64820.01,63297.48,63770.01,27085.19346,-1499.22836111,0.35571383,0.00522521,9.40093273,4.8e-07,-0.011356469895713836,2.2123877775112846e-06,0.00012311785252086695,hold
2024-04-27,63461.98000000001,63923.41000000001,62391.24,64586.06736449719,66291.95929080248,62954.454977607726,buy,63770.0,63923.41,62391.24,63461.98,20933.06052,1059.20536813,0.34769235,0.00512507,16.19712956,8.2e-07,-0.004842030716018614,2.4328312394054833e-06,8.951682887833043e-05,hold
2024-04-28,63118.62000000001,64370.0,62780.99999999999,64380.2299445665,66109.96490180492,62748.21436629295,buy,63461.98,64370.0,62781.0,63118.62,16949.20005,2190.02125234,0.26444521,0.00068245,12.54116432,6.4e-07,-0.005425173243951366,4.525965740550155e-06,7.664381758478113e-05,hold
2024-04-29,63866.00000000001,64228.35,61765.52999999999,64133.44031885148,65868.19545984268,62507.09569544792,buy,63118.62,64228.35,61765.53,63866.0,28150.22947,-640.66415311,0.39484227,0.0048765,11.64873903,5.9e-07,0.01177132522006203,3.014176779051677e-06,0.00024035864250437672,hold
2024-04-30,60671.99999999999,64733.99999999999,59191.59999999999,63833.42639616252,65567.5459420681,62218.54334759712,sell,63866.0,64734.0,59191.6,60672.0,54947.65535,6488.88372203,0.41511999,0.0099604,15.86509661,8.1e-07,-0.051304831768252054,2.706915548985128e-05,0.02103700477892857,hold
2024-05-01,58364.969999999994,60841.63,56552.82000000001,63253.3534213543,65000.52296131849,61665.950992059705,buy,60672.01,60841.63,56552.82,58364.97,81166.46823,76.48896566,0.30818763,0.00865649,11.00866915,5.6e-07,-0.03876642553474422,6.256892793221837e-06,0.00015896866312183305,hold
2024-05-02,59060.60999999999,59624.99999999999,56911.84,62161.93920135857,63931.21682077646,60562.61438560486,buy,58364.97,59625.0,56911.84,59060.61,47583.81961,1071.48837634,0.29406549,0.0021943,10.80632484,5.5e-07,0.011848323644138173,3.4894425260058436e-06,6.139114812597254e-05,hold
2024-05-03,62882.009999999995,63333.0,58811.32,61061.522157994514,62810.04910945892,59423.90669007301,buy,59060.6,63333.0,58811.32,62882.01,43628.40143,-3555.61581635,0.3073547,0.00148332,13.33919625,6.8e-07,0.06269590851696512,1.2461305876372e-05,0.0009267319932141747,hold
2024-05-04,63892.04,64540.0,62541.03,60508.02586320163,62190.24759888649,58865.35260915756,sell,62882.01,64540.0,62541.03,63892.04,24368.69282,236.67808222,0.41156408,0.00713852,6.71380744,3.4e-07,0.01593467072506892,2.1079297226321633e-06,0.00026297532765342336,hold
2024-05-05,64012.0,64646.0,62822.17,60674.64132192136,62283.855928480625,59066.26971125603,sell,63892.03,64646.0,62822.17,64012.0,18526.75029,-718.05690324,0.42285143,0.00193991,5.7147507,2.9e-07,0.0018757817997593531,1.6999655801535335e-06,0.00040385770030976263,hold
2024-05-06,63165.189999999995,65500.00000000001,62700.0,61186.109019920834,62745.46944230795,59616.14889192581,sell,64012.0,65500.0,62700.0,63165.19,34674.91949,-1104.47455089,0.38573249,0.00333887,14.64070454,7.4e-07,-0.013317207511333138,1.966064911114099e-06,0.00020804085527812653,hold
2024-05-07,62312.08,64422.409999999996,62261.0,61760.78153439403,63301.746416687965,60227.62651872635,sell,63165.18,64422.41,62261.0,62312.08,25598.79472,797.70174325,0.35067081,0.00572552,6.98895574,3.5e-07,-0.013598050793730939,2.464759975699365e-06,9.971307027342231e-05,hold
2024-05-08,61193.03,63020.22,60888.0,62207.3820240748,63755.84840297699,60692.293255281445,sell,62312.07,63020.22,60888.0,61193.03,26121.19004,531.95405374,0.39813613,0.00821188,10.90383596,5.5e-07,-0.018122013335120257,2.3748218883597695e-06,0.0002402233206742059,hold
2024-05-09,63074.01,63429.030000000006,60630.0,62351.01699738265,63928.34975361824,60837.17437343597,buy,61193.03,63429.03,60630.0,63074.01,30660.8061,-1674.37840394,0.38696471,0.00405531,7.47865842,3.8e-07,0.030275504659909153,2.5636530802926094e-06,0.0002827972654175849,hold
2024-05-10,60799.990000000005,63469.130000000005,60187.12,62401.46858513833,63998.17995339632,60882.45444898605,sell,63074.0,63469.13,60187.12,60799.99,36529.34025,1626.79229736,0.36630922,0.0061553,6.64585385,3.4e-07,-0.03671917430504504,3.8005334477037795e-06,0.00026728744400190724,hold
2024-05-11,60825.990000000005,61515.0,60487.090000000004,62299.371818450694,63924.36160981655,60793.49437537193,buy,60799.99,61515.0,60487.09,60825.99,13374.56936,45.48917225,0.44691836,0.0041181,10.60175615,5.4e-07,0.0004275402409262431,1.6296467932541353e-06,0.0006102137836161683,hold
2024-05-12,61483.99,61887.99999999999,60610.0,62077.77097603441,63712.52208799124,60558.58545703888,buy,60825.99,61888.0,60610.0,61483.99,12753.13236,1381.96195058,0.52364813,0.00710491,17.35478483,8.8e-07,0.01075965097938284,1.2060507333482435e-06,0.005659669620082891,hold
2024-05-13,62940.08,63450.0,60749.21,61872.29440925003,63502.94670134783,60347.28751196861,buy,61484.0,63450.0,60749.21,62940.08,32733.41839,172.75494602,0.38052894,0.0089677,9.11042095,4.6e-07,0.023406346968515828,3.0843949314760575e-06,0.000184153644575668,hold
2024-05-14,61577.49,63118.36,61142.77,61797.73968184949,63416.152759194374,60286.49364166259,sell,62940.09,63118.36,61142.77,61577.49,29088.72041,1358.74492333,0.36147671,0.00855385,14.12060611,7.2e-07,-0.021886781008613777,5.090157912735264e-06,0.00018695803714731537,hold
2024-05-15,66206.5,66444.16,61319.47000000001,61783.35490343571,63396.25914424658,60295.11409692764,buy,61577.49,66444.16,61319.47,66206.5,43559.74719,-6623.77725162,0.31053274,0.00147914,49.30504474,2.5e-06,0.07248226375544757,4.0935379912033304e-05,0.01675993499673191,hold
2024-05-16,65235.20999999999,66752.01,64602.77,62074.47395027877,63658.657024502754,60614.69403429031,sell,66206.51,66752.01,64602.77,65235.21,31106.3671,-490.16112683,0.34677912,0.00535606,8.5122127,4.3e-07,-0.014779291590717515,3.035791411146315e-06,0.00011728570931049314,hold
2024-05-17,67024.0,67451.2,65106.38,62754.262677851926,64325.09783565998,61349.30805892944,sell,65235.21,67451.2,65106.38,67024.0,26292.23409,-1842.52261033,0.39042739,0.00124807,9.56938044,4.9e-07,0.027051410361314365,2.705082381387746e-06,0.0003676227246292252,hold
2024-05-18,66915.2,67400.01,66600.0,63606.82295713664,65169.020466804504,62237.23007483482,sell,67024.0,67400.01,66600.0,66915.2,14441.25774,-41.41669907,0.34474888,0.00332774,6.24882396,3.2e-07,-0.0016246180943355483,2.3002845553218202e-06,8.834497011921384e-05,hold
2024-05-19,66274.01,67700.0,65857.25,64562.306572709094,66135.72140216827,63224.46578483581,sell,66915.2,67700.0,65857.25,66274.01,18025.30409,685.52226304,0.4698343,0.00641245,8.93202077,4.5e-07,-0.00962833180615985,1.5538164416913444e-06,0.0010866996788162467,hold
2024-05-20,71446.62,71515.56000000001,66060.31,65333.10431431175,66938.31807076931,64015.65721850395,sell,66274.0,71515.56,66060.31,71446.62,50816.7011,-2458.43693455,0.3200543,0.004186,11.70601543,5.9e-07,0.07515278314448008,2.0411253372126643e-05,0.0011765872485568183,hold
2024-05-21,70148.34000000001,71979.00000000001,69162.94,66218.4066192484,67846.1891746521,64931.51555891037,sell,71446.62,71979.0,69162.94,70148.34,49607.4336,7444.87155841,0.28616987,0.01219611,11.09359691,5.6e-07,-0.018338454758227797,5.124343806636509e-05,0.003455942243179679,hold
2024-05-22,69166.62000000001,70666.0,68842.19,67281.65578854205,68951.67437404394,66052.37437496184,sell,70148.34,70666.0,68842.19,69166.62,27673.18026,-3335.19897291,0.30156497,0.01117878,22.78981861,1.16e-06,-0.014093766386815483,6.402951332769654e-06,0.00017834966580445842,hold
2024-05-23,67969.65,70096.12,66312.16,68125.99971926451,69844.24921929836,66915.69633378982,sell,69166.62,70096.12,66312.16,67969.65,40513.17374,3414.19462072,0.37514018,0.01013625,18.82756675,9.6e-07,-0.017457094288918538,5.378688614577649e-06,0.0003724335045649449,hold
2024-05-24,68549.99,69250.0,66600.12,68470.66690564872,70253.57094526291,67258.02217416764,buy,67969.66,69250.0,66600.12,68549.99,28095.83664,-1426.19974127,0.40297266,0.01,13.80558199,7e-07,0.008501978114690344,2.507235713699147e-06,0.0002824202971266016,hold
2024-05-25,69290.57000000002,69610.00000000001,68500.0,68567.22133811474,70396.40301823616,67328.26224861144,buy,68549.99,69610.0,68500.0,69290.57,12130.39418,-134.90644981,0.43302026,0.01,7.04533351,3.6e-07,0.01074556177134258,2.2531925039321753e-06,0.00046246845276071917,hold
2024-05-26,68507.67,69562.23,68128.01,68707.81835972071,70554.44028198719,67444.65956773757,sell,69290.56,69562.23,68128.01,68507.67,11872.11797,-165.11101352,0.46771868,0.01,13.25417042,6.7e-07,-0.011363112097898122,1.8906781940245767e-06,0.001199783504293655,hold
2024-05-27,69436.43,70687.56000000001,68250.0,68751.44149563074,70611.49272024632,67471.94255247116,buy,68507.67,70687.56,68250.0,69436.43,23136.92737,1058.05492247,0.46133732,0.01194159,18.50037854,9.4e-07,0.013465947937329524,3.041990530832165e-06,0.0012393744849656329,hold
2024-05-28,68398.39,69591.81000000001,67277.91,68779.31046169998,70638.96380841732,67485.95306081772,sell,69436.43,69591.81,67277.91,68398.39,32622.97042,1153.90334702,0.45654192,0.01,502.97117674,2.553e-05,-0.0150623714003808,5.642163016910043e-06,0.0017619889940154712,hold
2024-05-29,67652.42,68935.68,67124.65,68653.04887106897,70525.14783680439,67348.61257247925,buy,68398.4,68935.68,67124.65,67652.42,23159.83149,3406.81301384,0.56317644,0.01179493,9.11837827,4.6e-07,-0.010966160005080427,2.27412159683591e-06,0.06144491852696536,hold
2024-05-30,68352.17000000001,69500.0,67128.0,68411.66587411881,70285.08042156696,67078.95263290405,buy,67652.41,69500.0,67128.0,68352.17,28478.2184,-2096.58880947,0.39418874,0.01043699,12.34568731,6.3e-07,0.010290184685345129,4.523350097565424e-06,0.0005237516403759168,hold
2024-05-31,67540.01,69044.10000000002,66670.0,68169.83875021935,70032.75338947773,66808.86318292617,sell,68352.17,69044.1,66670.0,67540.01,26690.32184,1031.42529919,0.38286388,0.01092737,7.39713966,3.8e-07,-0.011953148002230988,3.494733169769321e-06,0.00020691192399817962,hold
2024-06-01,67766.85,67900.0,67428.44,67899.44562767744,69754.58192944527,66516.8384552002,buy,67540.01,67900.0,67428.44,67766.85,8837.66133,729.22485275,0.41553295,0.01092109,9.40540775,4.8e-07,0.003352974306247208,3.427713962867239e-06,0.00037374438166472827,hold
2024-06-02,67765.63,68460.0,67257.47,67687.40585153103,69522.02604174614,66269.15613946914,sell,67766.84,68460.0,67257.47,67765.63,15426.32529,-1179.97302526,0.53513021,0.01033541,8.08794743,4.1e-07,-1.800306465331948e-05,1.251015752017355e-06,0.009770761217566615,hold
2024-06-03,68809.90000000001,70288.00000000001,67612.48,67517.83263069749,69332.1778357029,66073.84082093238,sell,67765.62,70288.0,67612.48,68809.9,29633.374,-2347.86983469,0.34190236,0.01152315,18.08508881,9.2e-07,0.015292495676779325,4.7780884170622415e-06,0.00018469323769031287,hold
2024-06-04,70537.84,71063.45000000001,68567.32,67495.21299843193,69286.1037838459,66042.67409424782,sell,68809.89,71063.45,68567.32,70537.84,29619.78489,-3268.31880098,0.32944969,0.01023041,10.88237195,5.5e-07,0.02480167347858517,4.889836416599206e-06,0.00021312197275537786,hold
2024-06-05,71108.0,71758.00000000001,70383.66,67735.18034073115,69504.62266147137,66289.40967226028,sell,70537.83,71758.0,70383.66,71108.0,28703.18082,-2204.23150328,0.28063169,0.01323322,10.55201195,5.4e-07,0.008050544645661345,7.225833121328336e-06,0.00010425993402174827,hold
2024-06-06,70799.06000000001,71700.0,70117.64,68252.1379412985,70007.59354054928,66824.9063038826,sell,71108.0,71700.0,70117.64,70799.06,21842.00449,1539.78301128,0.37110929,0.01206336,24.60504062,1.25e-06,-0.004354124285061161,1.7993048082304484e-05,0.00047912040489294234,hold
2024-06-07,69355.6,71997.02000000002,68420.0,68798.58063655616,70558.55403661728,67386.64541616439,sell,70799.06,71997.02,68420.0,69355.6,35598.45045,-3270.05717437,0.57730367,0.01021135,11.20004755,5.7e-07,-0.020598830454873523,1.4877122005914047e-06,0.12230006439722817,hold
2024-06-08,69310.46000000002,69582.20000000001,69168.02,69090.84084292174,70879.27616477013,67689.59543666839,sell,69355.6,69582.2,69168.02,69310.46,9773.82967,7243.30926669,0.41743654,0.01,11.10748154,5.6e-07,-0.00065106056369522,3.456952032832498e-05,0.025854242599146603,hold
2024-06-09,69648.14000000001,69857.14000000001,69130.24,69230.9814007187,71043.173173666,67807.42647361755,sell,69310.46,69857.14,69130.24,69648.14,9890.56709,1313.48953588,0.39838088,0.01,10.83524715,5.5e-07,0.004860162159083764,3.925497807969416e-06,0.000308158135151612,hold
2024-06-10,69540.0,70195.94,69172.29,69286.20735317946,71115.09793400764,67840.98877944946,sell,69648.15,70195.94,69172.29,69540.0,17122.66941,1197.26043567,0.31621462,0.01,9.30982793,4.7e-07,-0.0015538683361776106,3.953938453895691e-06,7.082560369904293e-05,hold
2024-06-11,67314.24,69590.01000000001,66051.0,69281.21709342957,71124.36173260212,67823.3123090744,sell,69540.0,69590.01,66051.0,67314.24,41436.01588,2205.53030233,0.44016821,0.01,55.80304185,2.83e-06,-0.032530322415029955,3.774127800964534e-06,0.0013118138475862696,hold
2024-06-12,68263.99,69999.0,66905.0,68887.12227864505,70764.1726821661,67421.08489112854,buy,67314.23,69999.0,66905.0,68263.99,37175.32356,112.66786414,0.43618095,0.01,15.77687506,8e-07,0.014010590579490376,2.350441912790291e-06,0.0005151141968653292,hold
2024-06-13,66773.01,68449.3,66251.78,68481.15323639632,70359.66813147068,66992.35486650467,buy,68263.98,68449.3,66251.78,66773.01,29079.55571,-1067.88511816,0.45697011,0.01,7.59771021,3.9e-07,-0.02208343776467173,2.155655728051456e-06,0.0012111386479241963,hold
2024-06-14,66043.99,67370.24,65078.00000000001,67998.14667373181,69878.89268577099,66492.63463659286,buy,66773.01,67370.24,65078.0,66043.99,28408.18797,2989.48880259,0.36023837,0.01,9.29203597,4.7e-07,-0.010977921824138023,4.754606839211012e-06,0.0002201811331408881,hold
2024-06-15,66228.25,66478.48,65857.1,67382.02847908616,69255.15955626965,65844.68189749717,buy,66043.99,66478.48,65857.1,66228.25,11451.80242,1760.80709393,0.42216951,0.01,20.8706007,1.06e-06,0.0027860739213107213,2.814881634741133e-06,0.00042243762139559487,hold
2024-06-16,66676.87,66998.7,66034.5,66846.2386621821,68691.94258362055,65269.78827295303,buy,66228.25,66998.7,66034.5,66676.87,9392.52223,-39.23490734,0.47278231,0.01,5.43563389,2.8e-07,0.006751007092293841,1.8038284708022725e-06,0.0012344350124141822,hold
2024-06-17,66504.33,67298.81,65130.0,66462.42045153023,68271.85286939144,64860.58887276649,sell,66676.86,67298.81,65130.0,66504.33,27386.16851,1297.47980323,0.45786279,0.01,13.56150033,6.9e-07,-0.002591057844952401,2.151209628554581e-06,0.0009198639755051163,hold
2024-06-18,65175.31999999999,66588.23,64060.0,66124.47376946927,67908.69626313448,64514.02237334251,sell,66504.33,66588.23,64060.0,65175.32,42350.10244,370.14506201,0.36291676,0.00921259,7.43560784,3.8e-07,-0.020186188658431685,3.0811481483422498e-06,0.00014479076478623432,hold
2024-06-19,64974.37,65727.54,64666.0,65700.44973304511,67474.08907741308,64082.787879610056,buy,65175.32,65727.54,64666.0,64974.37,20060.79576,-3604.62218798,0.39803248,0.00470885,8.45233828,4.3e-07,-0.0030879852219766885,2.1933737009649416e-06,0.0005296168614742248,hold
2024-06-20,64869.99,66482.94,64559.15,65335.146064592605,67086.08036875725,63696.28901162147,buy,64974.37,66482.94,64559.15,64869.99,24265.29031,683.8795676,0.44111401,0.00660158,8.74827883,4.4e-07,-0.001607771373120505,1.7483660010946793e-06,0.0005027979788864128,hold
2024-06-21,64143.56,65066.66,63379.35,65045.17434570194,66772.18204885721,63397.76113343239,buy,64869.99,65066.66,63379.35,64143.56,25993.56442,946.76636275,0.50708866,0.00874974,16.17885028,8.2e-07,-0.011261416759841722,1.4110667562842545e-06,0.0035660977560559685,hold
2024-06-22,64262.01,64546.81,63943.81999999999,64688.99070078493,66406.08928948641,63033.99002013206,buy,64143.56,64546.81,63943.82,64262.01,7308.95542,404.8510679,0.40405431,0.00858359,162.32177054,8.23e-06,0.001844936066219504,2.2679641302537366e-06,0.00023097794248738487,hold
2024-06-23,63210.01,64521.0,63178.32000000001,64414.1902351141,66110.70914596319,62744.86297526359,buy,64262.01,64521.0,63178.32,63210.01,8224.45447,74.24568404,0.47355533,0.00598565,9.98247015,5.1e-07,-0.016505957689856198,1.6845884539935253e-06,0.001410973200713436,hold
2024-06-24,60293.3,63369.8,58402.0,64112.658878681665,65795.20928800106,62439.819847726816,buy,63210.01,63369.8,58402.0,60293.3,52161.35414,5677.5477071,0.40416334,0.00951755,20.33831308,1.03e-06,-0.04724168823827901,1.7185438791575847e-05,0.006926878572281948,hold
2024-06-25,61806.01,62420.0,60257.06,63306.60856047751,65009.74279612303,61632.464304256435,buy,60293.3,62420.0,60257.06,61806.01,31189.24361,-1872.08790876,0.43132997,0.0068601,11.43970643,5.8e-07,0.024779622477455705,2.3942791496558912e-06,0.0006830959240433693,hold
2024-06-26,60864.99,62487.81,60712.0,62572.765882115375,64255.96163570881,60871.72273836136,buy,61806.01,62487.81,60712.0,60864.99,22485.66463,3508.54666862,0.45968666,0.00990358,14.4504905,7.3e-07,-0.015342476362678105,4.13942167874431e-06,0.0024428743201115695,hold
2024-06-27,61706.47000000001,62389.22,60606.63,61991.19706306816,63647.628393769264,60286.914077901834,buy,60864.98,62389.22,60606.63,61706.47,18344.28631,3377.17418078,0.50748324,0.01,36.89290652,1.87e-06,0.013730655086801458,2.7391696151726198e-06,0.007579977988623406,hold
2024-06-28,60427.83999999999,62225.31,60063.0,61570.109199253326,63190.11607348919,59864.17602586746,sell,61706.46,62225.31,60063.0,60427.84,24821.19255,3234.34506057,0.38754244,0.01,12.72920803,6.5e-07,-0.020938861751513153,5.282111782107914e-06,0.000494467696249837,hold
2024-06-29,60986.68,61224.0,60383.76999999999,61206.82260736228,62803.01804333925,59513.39306516647,buy,60427.84,61224.0,60383.77,60986.68,11509.55904,1656.02541158,0.36397904,0.01,5.51519681,2.8e-07,0.009205553774616642,3.6116634642277067e-06,0.0001405239045171167,hold
2024-06-30,62772.01,63058.759999999995,60712.21000000001,60944.12151684523,62513.05486679077,59251.23443403244,sell,60986.68,63058.76,60712.21,62772.01,17326.30136,853.7722185,0.40962451,0.01,10.11090637,5.1e-07,0.028853793809744524,3.46434717020605e-06,0.0003767653851429077,hold
2024-07-01,62899.99,63861.759999999995,62497.2,60934.57895586491,62472.78717547655,59260.254152488706,sell,62772.01,63861.76,62497.2,62899.99,24547.10538,2685.54130626,0.4527992,0.01,12.96995091,6.6e-07,0.0020367312407112426,2.8629416117519023e-06,0.0011364285145405329,hold
2024-07-02,62135.47,63288.829999999994,61806.280000000006,61208.531262431155,62725.45963734388,59572.38117694855,sell,62900.0,63288.83,61806.28,62135.47,18573.11875,2781.77303176,0.41715597,0.01,9.1069677,4.6e-07,-0.012229003319739846,3.658656752658392e-06,0.0005834570727535392,hold
2024-07-03,60208.58000000001,62285.94,59399.99999999999,61496.846757906686,63012.25114047527,59894.13286409378,sell,62135.46,62285.94,59400.0,60208.58,32160.11127,1144.44292696,0.42427769,0.01,34.98099052,1.77e-06,-0.0315021343281225,4.426818934567762e-06,0.0008063857530794282,hold
2024-07-04,57050.01,60498.19,56771.0,61471.0534684825,63011.984217464924,59888.84867625236,buy,60208.57,60498.19,56771.0,57050.01,54568.77276,3505.48284476,0.47194394,0.01,17.37460382,8.8e-07,-0.05388661548310068,7.661586725684772e-06,0.012495493548681584,hold
2024-07-05,56628.79,57546.0,53485.93,60904.85329241038,62489.810582995415,59322.42729563713,buy,57050.02,57546.0,53485.93,56628.79,81348.24756,-1324.64215247,0.3620939,0.00676998,43.53367232,2.21e-06,-0.007410738462197537,2.556148282699824e-06,0.00014287128882417438,hold
2024-07-06,58230.13,58475.0,56017.99999999999,59796.35869015575,61426.21345460415,58183.58651237487,buy,56628.79,58475.0,56018.0,58230.13,21651.31558,-926.69749767,0.44320389,0.00526778,7.13101277,3.6e-07,0.027885405242016163,4.665678637690988e-06,0.0012624132051938773,hold
2024-07-07,55857.81,58449.46000000001,55724.37,58961.09777238966,60571.657866835594,57320.58819870948,buy,58230.13,58449.46,55724.37,55857.81,19118.93918,-1137.42197404,0.56260427,0.00989427,12.0364949,6.1e-07,-0.04159356377998373,1.6241946082182124e-06,0.06289831191557849,hold
2024-07-08,56714.62,58236.73000000001,54260.16,58216.43875228287,59803.88051986694,56579.70695185661,buy,55857.81,58236.73,54260.16,56714.62,48090.2049,2315.79708412,0.43847348,0.00890841,6.07953261,3.1e-07,0.015222671228313616,4.368488136183101e-06,0.001244878119262525,hold
2024-07-09,58050.0,58296.0,56289.45,57470.817457119236,59028.038957715034,55835.7737613678,buy,56714.61,58296.0,56289.45,58050.0,27732.20788,1630.22023883,0.46104811,0.00804834,24.9559196,1.27e-06,0.023272682322844962,2.2126076816439623e-06,0.0011232359173686895,hold
2024-07-10,57725.85,59470.0,57157.78999999999,57093.473013596544,58604.12753403187,55469.038421344754,sell,58050.0,59470.0,57157.79,57725.85,24951.73799,-16.20635301,0.39691455,0.00899753,19.09417154,9.7e-07,-0.0055996280225802065,2.286396003108229e-06,0.00020376958787857473,hold
2024-07-11,57339.89,59650.0,57050.0,57030.98990341545,58498.655261695385,55435.21296477318,sell,57725.85,59650.0,57050.0,57339.89,29761.05735,3036.77595325,0.3712704,0.00903169,5.71863232,2.9e-07,-0.006708538049520128,4.1235261315973814e-06,0.00023868208523968742,hold
2024-07-12,57889.1,58526.68000000001,56542.47,57099.41937997342,58538.33258211613,55533.28652319908,sell,57339.89,58526.68,56542.47,57889.1,23652.4569,-1036.97357401,0.48754135,0.0056975,10.95856334,5.6e-07,0.009532569171711086,1.2988745633900592e-06,0.0018968772922953155,hold
2024-07-13,59204.02,59850.0,57756.63,57209.18042075158,58636.25250339508,55661.51957616806,sell,57889.09,59850.0,57756.63,59204.02,15357.74519,1541.91281333,0.50790009,0.00808576,6.51005226,3.3e-07,0.022460333746386348,1.6710160637888508e-06,0.004230241157882164,hold
2024-07-14,60797.91,61420.69,59194.009999999995,57534.293684506425,58947.041955292225,56010.215479278566,sell,59204.01,61420.69,59194.01,60797.91,21178.33907,-707.84863416,0.41134625,0.00586872,11.83935087,6e-07,0.02656596839138983,2.471743579143542e-06,0.00035402572843141095,hold
2024-07-15,64724.14,64900.00000000001,60632.30000000001,58129.951197334536,59531.83572798967,56644.7414812088,sell,60797.91,64900.0,60632.3,64724.14,38690.9782,-4881.83263857,0.34519031,0.0013888,10.69695681,5.4e-07,0.06257882518464983,1.4300885603014727e-05,0.0032400116893759514,hold
2024-07-16,65043.99,65388.97,62373.240000000005,59151.884223482615,60540.73876142502,57728.5595621109,sell,64724.06,65388.97,62373.24,65043.99,42530.52915,-2410.71523813,0.31301349,0.00148981,7.53960508,3.8e-07,0.004929571655444641,3.143630561883899e-06,0.0001163761147057426,hold
2024-07-17,64087.98999999999,66128.63,63854.0,60447.368608256584,61854.144424796104,59099.19380092621,sell,65044.0,66128.63,63854.0,64087.99,29567.52954,1501.41035096,0.37252823,0.00235685,12.02272481,6.1e-07,-0.014806827344029673,2.6381129672394904e-06,0.00018716655586643305,hold
2024-07-18,63987.92,65133.3,63238.48,61769.25695701004,63209.1963583231,60477.559226989746,sell,64087.99,65133.3,63238.48,63987.92,22568.7225,-479.31228126,0.42899131,0.00282268,29.21898335,1.48e-06,-0.0015626673332034774,1.6309471962689978e-06,0.00042422781864580946,hold
2024-07-19,66660.0,67386.0,63300.67,62818.41743252278,64312.872761785984,61554.245015430446,sell,63987.92,67386.0,63300.67,66660.0,35634.72739,-4566.70182106,0.32979348,0.00235454,36.5330138,1.85e-06,0.040910757335444886,6.373129317616068e-06,0.0007298434513470422,hold
2024-07-20,67139.96,67598.0,66222.46,63770.018021503696,65313.99420440197,62533.48638744354,sell,66660.01,67598.0,66222.46,67139.96,14386.92434,-314.26321071,0.40102166,0.0007044,6.18291946,3.1e-07,0.00717432290208512,2.6491084351760964e-06,0.0003198812011589097,hold
2024-07-21,68165.34,68366.66,65777.0,64818.66343312384,66407.2166466713,63616.73279604912,sell,67139.97,68366.66,65777.0,68165.34,21819.11191,-1349.42433004,0.52612922,0.00077849,6.75029521,3.4e-07,0.015156828740989328,1.162842995515396e-06,0.009472253655419987,hold
2024-07-22,67532.01000000001,68474.55,66559.97,65747.54877917648,67383.30699145794,64574.94328193664,sell,68165.35,68474.55,66559.97,67532.01,21451.04303,-641.42508559,0.38584787,0.00479332,9.10033458,4.6e-07,-0.009334516829783621,2.2362105100223486e-06,0.00019804812418981182,hold
2024-07-23,65936.01,67750.98,65441.079999999994,66514.45424154283,68199.15874272585,65363.75426006317,sell,67532.0,67750.98,65441.08,65936.01,31406.15316,4793.98777142,0.44466436,0.00512695,61.23855223,3.1e-06,-0.023916981434216472,5.3745001589241975e-06,0.003581646501707033,hold
2024-07-24,65375.99999999999,67102.01,65111.0,66869.1728843701,68609.69261318445,65720.91635766029,buy,65936.0,67102.01,65111.0,65376.0,23082.56277,2275.01881497,0.44582563,0.01,11.78149028,6e-07,-0.008529507623456263,2.442333093999189e-05,0.004468485606715461,hold
2024-07-25,65799.95,66175.49,63456.7,66895.71255380631,68676.12818032503,65726.97487411498,buy,65376.01,66175.49,63456.7,65799.95,35126.42934,8438.88997354,0.50795875,0.01,23.73569439,1.2e-06,0.006463859817351855,1.4582470517594655e-05,0.3144142309634108,hold
2024-07-26,67907.99,68200.0,65722.63,66612.89929775835,68427.00422435999,65414.16728739738,buy,65799.95,68200.0,65722.63,67907.99,24244.36023,-1320.55245644,0.35528409,0.00719095,10.56887988,5.4e-07,0.03153462223775808,1.2853507115363987e-05,0.0007445903276083562,hold
2024-07-27,67896.50000000001,69399.99,66650.0,66554.13883499266,68358.3359247446,65334.24810528755,sell,67908.0,69399.99,66650.0,67896.5,31710.21921,79.23455499,0.4285537,0.00848822,14.52022367,7.4e-07,-0.00016921384598440523,1.9390011307808323e-06,0.0003690337326093124,hold
2024-07-28,68249.88000000002,68318.43,67066.66,66679.9377933848,68469.56745356321,65462.87437200546,sell,67896.49,68318.43,67066.66,68249.88,10868.69394,450.92848071,0.40594822,0.00693712,12.76981252,6.5e-07,0.005191188977428364,1.921250436082457e-06,0.00021734823185414718,hold
2024-07-29,66784.69,70079.99,66428.0,66898.7628423679,68671.29216343164,65670.05869631768,sell,68249.88,70079.99,66428.0,66784.69,36467.29633,-1660.92740295,0.40214806,0.00734192,17.85193311,9e-07,-0.02170181316434392,2.172078421461587e-06,0.000342672449991124,hold
2024-07-30,66188.0,67000.0,65302.67,67026.00212913037,68793.63082975149,65795.53925304413,buy,66784.68,67000.0,65302.67,66188.0,23132.25441,-2400.45381104,0.35795021,0.00504074,51.12353646,2.59e-06,-0.008974685027823451,2.2545940424479332e-06,0.00016320321925983192,hold
2024-07-31,64628.0,66849.24,64530.0,66905.64064165235,68681.70216083527,65640.94575529099,buy,66188.0,66849.24,64530.0,64628.0,22625.43905,-982.50434804,0.41351843,0.00549908,7.05637008,3.6e-07,-0.02385142421501373,1.9735706124734264e-06,0.00039731477066011934,hold
2024-08-01,65354.02,65659.78,62302.0,66566.77486354351,68348.62620770931,65259.652432394025,buy,64628.01,65659.78,62302.0,65354.02,35542.26854,2573.86431877,0.4334186,0.00937617,17.74351239,9e-07,0.011171199683345215,3.0952198253943356e-06,0.0006763367700239294,hold
2024-08-02,61498.329999999994,65596.14,61230.01,65982.40557734371,67770.99539250135,64621.51188869476,buy,65354.02,65596.14,61230.01,61498.33,38820.42937,1825.4211165,0.37607408,0.01,7.27276478,3.7e-07,-0.06080893312569105,1.0770627368924569e-05,0.0012429485028053477,hold
2024-08-03,60697.99,62198.22000000001,59850.0,65156.566936175834,66950.72528034449,63754.50279479026,buy,61498.34,62198.22,59850.0,60697.99,28034.71567,1415.94942775,0.40359485,0.00891966,15.66443427,7.9e-07,-0.013099436128860992,2.7676045069889444e-06,0.00028470371599294167,hold
2024-08-04,58161.0,61117.63,57122.770000000004,64047.52642787934,65830.51221132278,62569.84353561401,buy,60697.99,61117.63,57122.77,58161.0,31616.52003,564.39892127,0.398222,0.00914989,11.23401832,5.7e-07,-0.04269555681819708,4.811636720103211e-06,0.0005674036259145409,hold
2024-08-05,54018.81,58305.590000000004,49000.0,62655.65724246026,64422.801078259945,61109.81668806076,buy,58161.0,58305.59,49000.0,54018.81,162065.59186,3530.30856563,0.18234676,0.0039362,25.95302235,1.32e-06,-0.07388270778154322,3.494511395216472e-05,0.0016198839733413076,hold
2024-08-06,56022.009999999995,57040.99,53950.0,60339.800444290646,62144.94605362415,58732.91519379616,buy,54018.82,57040.99,53950.0,56022.01,55884.77676,-1734.91245565,0.33983069,-0.00076065,5.99681342,3e-07,0.03641232998749407,6.000971374418464e-06,0.0002901000245669703,hold
2024-08-07,55134.16000000001,57736.05,54558.619999999995,58477.60081955195,60210.32575786114,56771.912857055664,buy,56022.0,57736.05,54558.62,55134.16,44269.37684,337.54517381,0.47354077,0.0002117,18.18704194,9.2e-07,-0.015975161468007117,4.476688552199688e-06,0.002996250348773887,hold
2024-08-08,61685.99,62745.14,54729.99999999999,57070.10083288909,58715.472112596035,55317.808413505554,buy,55133.76,62745.14,54730.0,61685.99,48349.52949,1256.58499214,0.37304556,0.0018782,7.97991131,4e-07,0.11228735091416127,0.00014598396335607213,0.0427650397804053,hold
2024-08-09,60837.99,61744.37,59535.0,56506.63018702627,58027.60837465525,54748.53472084999,sell,61686.0,61744.37,59535.0,60837.99,30972.48017,621.12829403,0.43757124,0.00358363,10.49821654,5.3e-07,-0.013842409307287744,3.7841168357648577e-06,0.0008878043184269982,hold
2024-08-10,60923.51,61470.58,60242.0,56816.75108202697,58248.18098932505,55099.8560819149,sell,60837.99,61470.58,60242.0,60923.51,9995.20621,803.76712412,0.46540828,-0.00122517,30.81895732,1.56e-06,0.001404713543484379,1.0404273995565454e-05,0.005158492843749755,hold
2024-08-11,58712.59,61858.0,58286.729999999996,57539.89770302654,58911.35591894388,55845.5315117836,sell,60923.51,61858.0,58286.73,58712.59,19189.84512,-209.76123759,0.59378404,0.00132582,4.93236749,2.5e-07,-0.036964958668207114,8.820854136252193e-07,0.1664711894531174,hold
2024-08-12,59346.64,60711.09,57642.21,58174.04621812821,59540.91111034155,56503.735030841824,sell,58712.59,60711.09,57642.21,59346.64,37009.91743,2955.17262502,0.38541152,0.00441982,8.7605715,4.4e-07,0.010741321896940523,7.964102187127179e-06,0.0008328646050746104,hold
2024-08-13,60587.15000000001,61578.09999999999,58392.880000000005,58598.2645600927,59988.54413896799,56932.17770695686,sell,59346.64,61578.1,58392.88,60587.15,27858.95851,-1381.02133399,0.40616977,0.00058268,7.94826219,4e-07,0.020687318243458014,2.563745711898684e-06,0.0004352060124665147,hold
2024-08-14,58683.39000000001,61800.0,58433.18000000001,59054.19788413883,60469.91937637329,57403.11166572571,sell,60587.16,61800.0,58433.18,58683.39,28422.76326,-1903.88276916,0.37272495,-0.00496701,5.75265337,2.9e-07,-0.031926101818424826,8.7077147931546e-06,0.001250687497900451,hold
2024-08-15,57541.06,59849.38,56078.53999999999,59397.34455256463,60851.066593527794,57778.43721380234,buy,58683.39,59849.38,56078.54,57541.06,37686.17622,-4797.99212069,0.37976769,-0.00378119,10.60503235,5.4e-07,-0.019657942646201854,8.629522718557762e-06,0.003242864634715136,hold
2024-08-16,58874.600000000006,59817.76,57098.62,59334.83985287906,60838.16950172186,57731.172921180725,buy,57541.05,59817.76,57098.62,58874.6,27610.84344,-3604.66218108,0.43123671,-0.00392173,8.31234343,4.2e-07,0.022910978337253942,5.48233370338835e-06,0.004058435594845441,hold
2024-08-17,59491.99,59700.00000000001,58785.05,59226.068845092064,60751.93452775478,57631.363172817226,buy,58874.59,59700.0,58785.05,59491.99,7721.72931,942.91913181,0.40731235,0.00262391,5.83515634,3e-07,0.010431923382209742,2.2578956920587875e-06,0.0002981200206634689,hold
2024-08-18,58427.34999999999,60284.99,58408.92,59268.85307454229,60799.531610906124,57695.339049768445,sell,59491.99,60284.99,58408.92,58427.35,13634.85717,474.66208413,0.47349646,-0.00136386,7.24945856,3.7e-07,-0.018057579517003593,2.1977251171424363e-06,0.002643476556645331,hold
2024-08-19,59438.5,59617.63,57787.3,59296.15146085025,60831.27660751343,57755.48260502815,buy,58427.35,59617.63,57787.3,59438.5,22809.31251,-330.4269981,0.35763725,-0.00493004,8.89059974,4.5e-07,0.017158062435947308,6.8193748691502896e-06,0.000439724395893273,hold
2024-08-20,59013.8,61399.99999999999,58548.229999999996,59264.67396331788,60802.866578400135,57747.318882656095,sell,59438.5,61400.0,58548.23,59013.8,31477.44548,-397.12763523,0.36859454,-0.00149061,8.83309673,4.5e-07,-0.007170849698593443,3.2421847033444952e-06,0.00023757968243390677,hold
2024-08-21,61156.030000000006,61820.93,58783.47,59310.30183892966,60844.56623315811,57831.63298459053,buy,59013.8,61820.93,58783.47,61156.03,27983.6422,-3054.14691136,0.34290934,-0.00180085,11.27378883,5.7e-07,0.03565715238614722,6.2932494731930044e-06,0.0005394625437369387,hold
2024-08-22,60375.83999999999,61399.99999999999,59724.87,59500.807626464375,61022.66040593386,58058.00009040832,sell,61156.03,61400.0,59724.87,60375.84,21241.20588,-275.93798191,0.33170752,-0.00371844,8.42644156,4.3e-07,-0.012839442327577983,5.9579042722918964e-06,0.00023991805435389225,hold
2024-08-23,64037.24,64955.0,60342.14,59798.14136638284,61318.21640461683,58394.40655150414,sell,60375.83,64955.0,60342.14,64037.24,38118.07089,-3825.57607806,0.30017241,-0.00215771,10.44553187,5.3e-07,0.05887576421662603,1.7584013671529542e-05,0.0014143748081956351,hold
2024-08-24,64157.009999999995,64494.5,63531.00000000001,60364.464911052,61865.223299860954,59003.28291811943,sell,64037.24,64494.5,63531.0,64157.01,15857.15616,472.28086921,0.37265453,0.0022521,6.60502858,3.3e-07,0.0018685710918962383,2.383695892767173e-06,0.0001459658334317342,hold
2024-08-25,64219.99999999999,65000.0,63773.27,61271.99206874371,62767.21581697464,59962.18001570701,sell,64157.02,65000.0,63773.27,64220.0,12305.47977,-952.39933756,0.43957025,0.00025037,5.12413972,2.6e-07,0.0009813284334161388,1.8091461941624637e-06,0.0007482998554513671,hold
2024-08-26,62834.00000000001,64481.00000000001,62800.0,62215.98698371769,63720.10898202658,60941.86299700737,sell,64219.99,64481.0,62800.0,62834.0,19470.05276,516.27063041,0.39763355,0.00118187,7.71932,3.9e-07,-0.021818360418123024,2.5401220214507174e-06,0.00034290247344926527,hold
2024-08-27,59415.0,63212.0,58034.01,62890.11309268714,64430.171293616295,61635.79149751663,buy,62834.0,63212.0,58034.01,59415.0,35135.94178,805.48974923,0.3892814,0.00467552,18.28622607,9.3e-07,-0.05594960850125526,5.310317847271976e-06,0.000889829289418017,hold
2024-08-28,59034.899999999994,60234.98,57859.99999999999,62819.503076176654,64427.27910429239,61562.54485025405,buy,59415.0,60234.98,57860.0,59034.9,36868.54275,1066.78840426,0.36960329,-0.00165018,6.82081171,3.5e-07,-0.006417925294743356,3.6058247102516238e-06,0.0002564567295370349,hold
2024-08-29,59359.01,61166.98999999999,58713.09,62248.090576879986,63905.074067115784,60945.80723338127,buy,59034.9,61166.99,58713.09,59359.01,27020.90743,-1988.27951749,0.364834,3.85e-06,52.59967955,2.66e-06,0.005475126375226921,2.7695863148715662e-06,0.00022592040909336376,hold
2024-08-30,59123.99,59944.06999999999,57701.1,61619.620101456654,63284.0949550271,60280.48957018852,buy,59359.0,59944.07,57701.1,59123.99,28519.32195,495.58859329,0.34287504,0.00126901,7.00585168,3.5e-07,-0.003967156608714223,8.68528575990125e-06,0.0002259586400242576,hold
2024-08-31,58973.99,59462.38,58744.0,60914.44211661459,62575.4520457983,59546.63777527809,buy,59123.99,59462.38,58744.0,58973.99,8798.409,2358.19107795,0.59094385,0.00277118,17.84140963,9e-07,-0.00254026496747557,8.738425056726771e-07,0.09368515071524941,hold
2024-09-01,57301.85999999999,59076.590000000004,57201.0,60332.54945500017,61964.069600999355,58935.58360943794,buy,58974.0,59076.59,57201.0,57301.86,20705.15741,-111.94288467,0.45081527,-0.00178571,2.84128775,1.4e-07,-0.028763415319443375,1.3479091213036716e-05,0.007623256056482239,hold
2024-09-02,59132.13,59425.69,57128.0,59665.267218951,61273.144099116325,58247.78319396973,buy,57301.77,59425.69,57128.0,59132.13,22895.01461,-524.69371451,0.57488389,0.00123428,5.5503291,2.8e-07,0.03144134758080365,1.1743692675837373e-06,0.06559729235241882,hold
2024-09-03,57487.73,59809.65000000001,57415.0,59118.76283939482,60686.50070697069,57679.03882751465,sell,59132.12,59809.65,57415.0,57487.73,22828.18447,1269.44875221,0.50305341,0.00363095,8.64115187,4.4e-07,-0.028202897779850595,2.4406933978639358e-06,0.008588302648041696,hold
2024-09-04,57970.899999999994,58519.00000000001,55605.99999999999,58706.06404017807,60240.858609974384,57267.201870489116,buy,57487.74,58519.0,55606.0,57970.9,35560.82146,-815.96444847,0.38111157,0.00186083,10.64482907,5.4e-07,0.008369626775024829,2.3190517824568194e-06,0.00020394598851919207,hold
2024-09-05,56180.0,58327.07,55643.65,58238.321257181175,59750.90101271868,56787.67467894554,buy,57970.9,58327.07,55643.65,56180.0,27806.91413,2387.98890491,0.42585741,0.00422227,7.57570691,3.8e-07,-0.03138033882672037,3.0582809447103734e-06,0.0008923477214924081,hold
2024-09-06,53962.97,57007.99999999999,52550.0,57781.55211089016,59276.41238898039,56322.49676451683,buy,56180.0,57008.0,52550.0,53962.97,54447.76826,3469.95713132,0.40538778,0.00076162,13.60136322,6.9e-07,-0.040262751080288636,6.2072573906509445e-06,0.0016675336807606812,hold
2024-09-07,54160.86,54850.0,53745.54,56999.21940546513,58497.24842041731,55524.000629281996,buy,53962.97,54850.0,53745.54,54160.86,16694.04774,-553.59430055,0.41063829,-0.00454286,4.07675251,2.1e-07,0.0036604367595428834,4.900684471625433e-06,0.0009678769574697761,hold
2024-09-08,54869.95,55318.0,53629.009999999995,56234.013345522886,57712.91870653629,54721.38784856796,buy,54160.86,55318.0,53629.01,54869.95,16274.14779,-1100.06921379,0.4380148,-0.0049578,3.46620308,1.8e-07,0.01300733247035669,7.2234884086860305e-06,0.0026943271875153273,hold
2024-09-09,57042.0,58088.0,54591.96000000001,55608.27240030886,57058.523973822594,54075.24994215965,buy,54869.95,58088.0,54591.96,57042.0,32384.51737,-3295.34666093,0.44563265,-0.00807956,13.09923956,6.6e-07,0.03882199877924005,1.8208912092152208e-05,0.022350928189598555,hold
2024-09-10,57635.99,58044.36000000001,56386.4,55362.12120708347,56767.19163924456,53839.51225023269,sell,57042.01,58044.36,56386.4,57635.99,23626.78126,-1736.52490795,0.33749452,-0.00334069,7.33511839,3.7e-07,0.010359360363052208,6.426291973876023e-06,0.0003420858756992894,hold
2024-09-11,57338.0,57981.71,55545.189999999995,55524.008564322,56890.87434142828,54029.800482225415,sell,57635.99,57981.71,55545.19,57338.0,33026.56757,-1885.71684252,0.40627184,-0.00381406,5.44554657,2.8e-07,-0.005183618786241656,4.3817712109736945e-06,0.0009785616816687613,hold
2024-09-12,58132.31999999999,58588.00000000001,57324.0,55799.13287256003,57152.32700020075,54332.115311288835,sell,57338.0,58588.0,57324.0,58132.32,31074.40631,-1485.88088412,0.411959,-0.00210093,5.90284499,3e-07,0.013758211280425158,1.3484333312040039e-05,0.0018986234217442653,hold
2024-09-13,60498.0,60625.0,57632.619999999995,56264.90175800444,57608.10589104891,54817.51046185493,sell,58132.31,60625.0,57632.62,60498.0,29825.23333,-4495.35681723,0.53697944,-0.00246639,13.23430415,6.7e-07,0.039888515176949337,3.413469814178198e-06,0.14148811240042547,hold
2024-09-14,59993.030000000006,60610.45,59399.99999999999,56970.101332350976,58308.003146350384,55553.597525691985,sell,60497.99,60610.45,59400.0,59993.03,12137.90901,-1438.30266255,0.43571067,-0.00170848,4.53486506,2.3e-07,-0.008381917831569096,6.713563267869739e-06,0.003253751974990786,hold
2024-09-15,59132.0,60395.8,58691.05000000001,57851.782768964775,59202.08846181631,56473.77214317321,sell,59993.02,60395.8,58691.05,59132.0,13757.92361,473.86035709,0.52439132,0.00109424,7.66145964,3.9e-07,-0.014456155768720775,1.234687147381446e-06,0.008359046011399732,hold
2024-09-16,58213.98999999999,59210.7,57493.3,58577.06366669298,59959.14492458105,57225.034232997896,sell,59132.0,59210.7,57493.3,58213.99,26477.5642,2459.45634116,0.38073354,0.00545795,13.56547996,6.9e-07,-0.01564652918074257,3.1037560390917486e-06,0.0002587549332979963,hold
2024-09-17,60313.99,61319.99999999999,57610.01,58949.35925038219,60381.69033050537,57606.64515161514,buy,58213.99,61320.0,57610.01,60313.99,33116.25878,-1235.20617612,0.36589442,0.00386816,8.35766405,4.2e-07,0.035438379599161005,3.170358744442094e-06,0.00021284351555424848,hold
2024-09-18,61759.99,61786.23999999999,59174.8,59254.9802758062,60716.58764064312,57925.29952430725,sell,60313.99,61786.24,59174.8,61759.99,36087.02469,273.29075103,0.47424233,0.00226758,13.96201095,7.1e-07,0.023691660342147144,1.6351897676460715e-06,0.0016059672259115625,hold
2024-09-19,62947.99,63850.0,61555.0,59687.98863030911,61171.18892997503,58387.09882521629,sell,61759.98,63850.0,61555.0,62947.99,34332.52608,-933.77517564,0.35972069,0.00415516,9.36173114,4.7e-07,0.01905308607791393,2.336964685196519e-06,0.00012494640511939912,hold
2024-09-20,63201.05,64133.32,62350.0,60389.110872523794,61876.90510690212,59128.028467607495,sell,62948.0,64133.32,62350.0,63201.05,25466.37794,590.37456266,0.31755035,0.0044297,14.38276984,7.3e-07,0.004012085061529829,2.569027903711162e-06,5.9502573447325805e-05,hold
2024-09-21,63348.95999999999,63559.90000000001,62758.0,61199.12440690757,62698.17696541548,59976.057436323164,sell,63201.05,63559.9,62758.0,63348.96,8375.34608,1505.6160566,0.41751975,0.00856895,9.57819962,4.8e-07,0.0023375749611005414,2.4782355882839667e-06,0.0003402128860973305,hold
2024-09-22,63578.76,63999.99999999999,62357.92999999999,61980.31286859513,63498.96483808756,60777.493600511545,sell,63348.97,64000.0,62357.93,63578.76,14242.19892,653.63753357,0.51422711,0.00734828,8.35592809,4.2e-07,0.0036209624041565595,1.1503073980632185e-06,0.0037230419459032475,hold
2024-09-23,63339.99,64745.880000000005,62538.75,62615.750585535774,64163.03160458803,61424.37861304283,sell,63578.76,64745.88,62538.75,63339.99,24078.05287,2681.77483234,0.36223544,0.00439651,14.96787395,7.6e-07,-0.0037625690717466927,3.963220716845507e-06,0.00019951176388739372,hold
2024-09-24,64262.700000000004,64688.0,62700.0,63095.318248558055,64673.66474419832,61913.288489580154,sell,63339.99,64688.0,62700.0,64262.7,23185.04759,-4341.15032876,0.49457889,0.0014084,8.40163237,4.3e-07,0.01446248637939056,1.912299416641017e-06,0.011581052719045526,hold
2024-09-25,63152.01,64817.990000000005,62947.08,63469.507540211685,65073.81059914827,62288.284343051906,sell,64262.7,64817.99,62947.08,63152.01,17813.11168,-1261.57168798,0.45164993,0.00147139,15.04296185,7.6e-07,-0.017434692343162504,1.861301443940172e-06,0.0012812544903950066,hold
2024-09-26,65173.99,65839.0,62670.00000000001,63724.205092996366,65352.245841920376,62544.36630940437,buy,63152.01,65839.0,62670.0,65173.99,28373.30593,-1865.4196432,0.40007914,0.00694234,19.25730427,9.7e-07,0.03151578569135097,2.6582018217405494e-06,0.0003751265321660121,hold
2024-09-27,65769.95,66498.0,64819.90000000001,63935.356615244156,65573.15760582685,62751.06062889099,sell,65173.99,66498.0,64819.9,65769.95,22048.80487,-2461.6776278,0.37834643,0.00517166,10.44288353,5.3e-07,0.009102584128001627,2.1106040312341407e-06,0.00021600073450284377,hold
2024-09-28,65858.0,66260.0,65422.23,64323.387863484626,65961.43637776375,63145.360252714156,sell,65769.95,66260.0,65422.23,65858.0,9127.23316,642.98624582,0.39428867,0.00538939,10.32185669,5.2e-07,0.0013378619530761801,2.1242279084039097e-06,0.00018614244366981877,hold
2024-09-29,65602.01,66076.12,65432.0,64768.177919003974,66406.50066494942,63589.35302023887,sell,65858.0,66076.12,65432.0,65602.01,8337.74111,275.59467207,0.5208514,0.00489623,6.84492437,3.5e-07,-0.003894573316477157,9.880420382147387e-07,0.004726784600424754,hold
2024-09-30,63327.59,65618.8,62856.299999999996,65141.947757427704,66787.06379175186,63953.23604822159,sell,65602.01,65618.8,62856.3,63327.59,30011.08752,2538.6251728,0.32065156,0.00748511,8.55938467,4.3e-07,-0.03528524055475455,6.421753485438238e-06,0.00019905266190953938,hold
2024-10-01,60805.77999999999,64130.63,60164.00000000001,65106.007400897746,66781.8289604783,63900.944669055934,buy,63327.6,64130.63,60164.0,60805.78,43671.48108,5088.86104738,0.41207503,0.00928699,5.63972312,2.9e-07,-0.04063624492665931,1.2581534648706896e-05,0.004123611050240631,hold
2024-10-02,60649.28,62390.30999999999,60000.0,64516.74038139582,66230.48535138369,63272.189835071564,buy,60804.92,62390.31,60000.0,60649.28,31534.70118,1346.07480053,0.53284627,0.0068861,7.68001093,3.9e-07,-0.002577086316775542,1.1435366461861502e-06,0.007884184101318303,hold
2024-10-03,60752.71,61477.19000000001,59828.11,63678.962744250304,65402.72255331278,62371.85133886337,buy,60649.27,61477.19,59828.11,60752.71,26221.43472,1404.20232789,0.38933325,0.0061295,8.84788121,4.5e-07,0.001703926352847916,2.371557397009329e-06,0.00019247952881470574,hold
2024-10-04,62086.0,62484.85,60459.9,62807.10144796014,64518.620158433914,61441.531806659696,buy,60752.72,62484.85,60459.9,62086.0,21294.65994,-932.51559904,0.43876842,0.00173988,11.15438067,5.6e-07,0.02170883041003728,1.90305197384429e-06,0.0007183869710540783,hold
2024-10-05,62057.99999999999,62370.56,61689.26000000001,62168.17548393847,63839.15036410093,60759.80805597305,buy,62086.0,62370.56,61689.26,62058.0,7807.46141,-1160.56050782,0.44609239,0.00068476,7.19105791,3.6e-07,-0.00045108906551724495,1.7858527642061076e-06,0.0008952913702741711,hold
2024-10-06,62819.909999999996,62975.0,61798.97000000001,61826.81149173976,63449.91380959749,60393.31469364166,sell,62058.01,62975.0,61798.97,62819.91,8906.86177,-1448.91884171,0.49572857,0.00279905,5.87251097,3e-07,0.012202629820996201,1.2037495344052114e-06,0.0029617680793164293,hold
2024-10-07,62224.0,64478.19,62128.0,61715.283195809134,63292.05240100622,60265.868068170545,sell,62819.91,64478.19,62128.0,62224.0,25966.1852,-2727.74101321,0.40315911,0.00138739,6.95550887,3.5e-07,-0.009531284031326389,2.228755172142514e-06,0.0005417998016705847,hold
2024-10-08,62160.49,63200.0,61860.31,61762.50561053754,63306.6609403491,60317.34277262687,sell,62224.01,63200.0,61860.31,62160.49,19702.22371,1358.80747864,0.31444919,0.00664023,77.77596166,3.94e-06,-0.0010211885021863328,2.984133880873791e-06,6.157019198639939e-05,hold
2024-10-09,60636.02,62543.75,60301.0,61832.794868695746,63361.38957828283,60382.867306804656,sell,62160.5,62543.75,60301.0,60636.02,20011.15684,1932.85408816,0.42865779,0.00719181,14.01194674,7.1e-07,-0.024830482976427176,2.684078395832915e-06,0.0006620162276343328,hold
2024-10-10,60326.39,61321.68,58946.00000000001,61740.962369281064,63274.66786235571,60282.55847945213,buy,60636.01,61321.68,58946.0,60326.39,23967.92481,1393.00170256,0.49536216,0.00463785,13.48159684,6.8e-07,-0.005119452832531935,1.6860964696905123e-06,0.0028031891549868183,hold
2024-10-11,62540.00000000001,63417.55999999999,60087.63999999999,61433.6234361434,62979.57034319639,59951.79312329292,buy,60326.4,63417.56,60087.64,62540.0,23641.35209,-4015.70844158,0.47908185,-0.00095354,46.12115389,2.33e-06,0.03603669892744918,3.5358824151334964e-06,0.01319587671193334,hold
2024-10-12,63206.22,63480.0,62487.23,61314.35376074911,62847.46857523918,59822.186846923825,sell,62539.99,63480.0,62487.23,63206.22,10911.30116,-1583.0386981,0.40118316,0.00269066,19.12113937,9.7e-07,0.010596362001929363,2.155743877296468e-06,0.000336152014056598,hold
2024-10-13,62870.02,63285.719999999994,62050.0,61524.07420727135,63039.6971064806,60042.0296292305,sell,63206.23,63285.72,62050.0,62870.02,11909.21995,-410.33787493,0.43919481,0.003022,17.64483393,8.9e-07,-0.0053332935199566596,1.5394572177405234e-06,0.0005368360922151981,hold
2024-10-14,66083.99,66500.0,62457.81,61800.82698099018,63312.40135520697,60331.359330415726,sell,62870.02,66500.0,62457.81,66083.99,37669.95222,1028.66608116,0.30512574,0.00858316,16.5465819,8.4e-07,0.04985708823410627,7.591327564942542e-06,0.0001533785007516086,hold
2024-10-15,67074.14,67950.0,64800.01,62305.512490367895,63806.64856225252,60860.79139614105,sell,66084.0,67950.0,64800.01,67074.14,43683.95423,-2590.45986999,0.2832643,0.00964031,31.63310145,1.6e-06,0.014872066015212413,4.271773466510523e-06,8.637272058238986e-05,hold
2024-10-16,67620.01,68424.0,66750.49,63146.50696368099,64650.250885784626,61751.21788115501,sell,67074.14,68424.0,66750.49,67620.01,29938.25544,-151.58185595,0.4535619,0.00969319,11.91789438,6e-07,0.008105370403983361,1.917804485504147e-06,0.0007220319201101734,hold
2024-10-17,67421.78,67939.4,66666.0,64208.9264791596,65724.66938704252,62856.41469111442,sell,67620.0,67939.4,66666.0,67421.78,25328.22861,3309.32447235,0.31592485,0.00995509,17.50403316,8.9e-07,-0.0029358340463448997,5.807326297966632e-06,0.00013278996684713747,hold
2024-10-18,68428.0,69000.0,67192.36,65196.297792849546,66748.57035338879,63871.8619752407,sell,67421.78,69000.0,67192.36,68428.0,28725.635,-3150.30083072,0.40792188,0.01,18.69514447,9.5e-07,0.014813986471420449,2.9642000097939382e-06,0.0005912266479401843,hold
2024-10-19,68378.0,68693.26,68010.0,66107.23609224916,67701.74300253391,64801.21057195663,sell,68427.99,68693.26,68010.0,68378.0,8193.66737,618.97656384,0.36095875,0.01,28.63089895,1.45e-06,-0.0007309621248523259,3.084277843059671e-06,0.00011585842767298177,hold
2024-10-20,69031.99,69400.00000000001,68100.0,66932.51957473041,68574.33316498995,65640.3498852253,sell,68377.99,69400.0,68100.0,69031.99,12442.47378,-109.75615498,0.44914292,0.01,51.54420426,2.61e-06,0.00951888488044817,2.0458914900279513e-06,0.0006647340524400596,hold
2024-10-21,67377.5,69519.52,66840.67,67616.03094971896,69303.59509170055,66335.02246713638,sell,69032.0,69519.52,66840.67,67377.5,31374.42184,1853.57400766,0.29305601,0.01,39.79151891,2.01e-06,-0.02425888605349007,5.847124786067026e-06,9.667803660070228e-05,hold
2024-10-22,67426.0,67836.01,66571.42,67950.40302668096,69696.92655920982,66683.87565574645,buy,67377.5,67836.01,66571.42,67426.0,24598.96268,1503.69739776,0.50536838,0.01,11.4487165,5.8e-07,0.0007195659176902162,1.7510558374667764e-06,0.0036273950419525875,hold
2024-10-23,66668.65,67472.83,65260.00000000001,67989.31348218441,69782.81296312809,66708.10972156524,buy,67426.01,67472.83,65260.0,66668.65,25530.2407,1821.64818442,0.45217246,0.01,14.92850967,7.6e-07,-0.01129587277243706,2.6919299179290173e-06,0.00102357622433978,hold
2024-10-24,68198.28,68850.0,66510.0,67754.24078897238,69585.30249655247,66453.7185743332,buy,66668.65,68850.0,66510.0,68198.28,22589.83877,-2119.5647771,0.48333625,0.01,10.59593681,5.4e-07,0.02268451715263484,2.030400868518407e-06,0.002831066413793854,hold
2024-10-25,66698.33,68771.49,65596.29,67595.45306773426,69427.74883449078,66276.25818471909,sell,68198.27,68771.49,65596.29,66698.33,34479.71125,-1040.35650022,0.41756825,0.00929641,16.84781127,8.5e-07,-0.022239429463163648,2.881373648453311e-06,0.00047641871018410303,hold
2024-10-26,67092.76,67454.55,66439.9,67350.05133873582,69188.89984428883,66028.76945114136,buy,66698.32,67454.55,66439.9,67092.76,11842.9077,870.97296202,0.39593168,0.00926038,13.12058278,6.6e-07,0.005896224370562871,4.0129618291067475e-05,0.0017155535994367351,hold
2024-10-27,68021.7,68332.05,66913.73,67138.6561635089,68961.99016332626,65790.47889456748,buy,67092.76,68332.05,66913.73,68021.7,8653.19592,1658.54757451,0.65703742,0.00974044,14.60301574,7.4e-07,0.013750632418520554,2.617000615696389e-07,0.6099060768908613,sell
2024-10-28,69962.21,70270.0,67618.0,67069.76405471207,68866.54163509607,65702.55025086402,sell,68021.69,70270.0,67618.0,69962.21,29046.75459,-1054.03032894,0.35061797,0.00980794,13.82092344,7e-07,0.02812846721520796,2.6535120618501606e-05,0.0011967153736328147,hold
2024-10-29,72736.42,73620.12,69760.0,67238.9301591754,69008.5478168726,65872.43673872948,sell,69962.21,73620.12,69760.0,72736.42,50128.60594,2959.34086137,0.29940432,0.01,17.38073914,8.8e-07,0.03888698282937757,1.0158914224554726e-05,0.00017497421020735317,hold
2024-10-30,72344.74,72961.0,71436.0,67861.16435201884,69602.99478173256,66525.63434429168,sell,72736.41,72961.0,71436.0,72344.74,26885.99056,-2097.78222153,0.32836502,0.01,12.39699224,6.3e-07,-0.005399473668343945,3.629060922329276e-06,0.00011056710954148149,hold
2024-10-31,70292.01000000001,72700.0,69685.76,68753.24884557725,70490.49808979034,67452.54804048537,sell,72344.75,72700.0,69685.76,70292.01,29352.10297,3666.52717481,0.43687225,0.01,12.61858059,6.4e-07,-0.02878461169591104,5.320211355216402e-06,0.001969382823629233,hold
2024-11-01,69496.01,71632.95,68820.14,69393.16792680502,71157.37853884697,68108.30153541565,sell,70292.01,71632.95,68820.14,69496.01,38301.86755,2915.91210031,0.4791195,0.01,17.11663137,8.7e-07,-0.011388795745506882,2.7588415868594734e-06,0.0028322278155246345,hold
2024-11-02,69374.74000000002,69914.37000000001,69000.14,69662.23483692885,71468.42863321304,68361.97884845734,buy,69496.0,69914.37,69000.14,69374.74,10521.67243,-411.33578081,0.43784426,0.01,22.07269509,1.12e-06,-0.0017465165389545408,2.199820874614213e-06,0.0005439981517186823,hold
2024-11-03,68775.99,69391.0,67478.73,69727.18223483564,71566.6311788559,68388.96541051865,buy,69374.74,69391.0,67478.73,68775.99,24995.70243,2410.48390942,0.47982156,0.01,14.7914756,7.5e-07,-0.008668122839253566,2.3942063546221722e-06,0.002286171712211717,hold
2024-11-04,67850.01,69500.0,66835.0,69499.98045811415,71374.88624930382,68123.81230545044,buy,68775.99,69500.0,66835.0,67850.01,29800.39187,3701.98893443,0.36740548,0.01,16.28085517,8.2e-07,-0.013555167807772158,6.8377495068053644e-06,0.0003591326598041958,hold
2024-11-05,69372.01,70577.91000000002,67476.63,69076.9495388961,70973.84227693081,67664.00629577636,buy,67850.01,70577.91,67476.63,69372.01,33355.06888,452.34669744,0.34267328,0.00994144,15.15198896,7.7e-07,0.02218393837390412,5.12326413714103e-05,0.0006910140942723474,hold
2024-11-06,75571.99000000002,76400.00000000001,69298.0,68739.7523210621,70630.52904129028,67297.94849328995,sell,69372.01,76400.0,69298.0,75571.99,104126.994787,-9474.73355051,0.1670362,0.00998148,47.2008957,2.39e-06,0.08560223984821512,0.0002715198215834068,0.46438616880301786,sell
2024-11-07,75857.89,76849.99,74416.0,68969.4831540227,70836.48683607578,67554.82596130371,sell,75571.99,76849.99,74416.0,75857.89,44869.422345,-4389.28214536,0.21100569,0.01,14.72810296,7.4e-07,0.0037760095920657505,5.4356875430203744e-05,0.001224183963745309,hold
2024-11-08,76509.78,77199.99,75555.0,70016.80852165462,71857.91012883186,68663.65848608017,sell,75857.89,77199.99,75555.0,76509.78,36521.099583,-6718.13685856,0.31295432,0.01,20.68111269,1.05e-06,0.00855685431952021,8.292075372680208e-05,0.0018443860070470925,hold
2024-11-09,76677.46,76900.00000000001,75714.66,71330.52370085478,73166.34160339832,70023.2706410408,sell,76509.78,76900.0,75714.66,76677.46,16942.07915,594.74465322,0.33284589,0.01,8.87298237,4.5e-07,0.0021892171563324633,0.0017270910167526206,0.00017861152885376356,hold
2024-11-10,80370.01,81500.00000000001,76492.0,72624.62327312709,74484.93499398232,71345.87230806351,sell,76677.46,81500.0,76492.0,80370.01,61830.100435,1909.95284305,0.25767235,0.02005148,16.28276255,8.2e-07,0.04703330369431591,0.12581169328229816,0.003633771728304823,hold
2024-11-11,88647.99,89530.54,80216.01,73985.65647771837,75887.17263519764,72752.44023408889,sell,80370.01,89530.54,80216.01,88647.99,82323.665776,-320.65420712,0.20788329,0.0161102,23.35723655,1.18e-06,0.09803226217915882,0.40066235503185743,0.048450466572465586,buy
2024-11-12,87952.01,89940.0,85072.0,76073.93522494556,78010.30338168144,74949.71866312026,sell,88648.0,89940.0,85072.0,87952.01,97299.887911,1921.30429905,0.28061078,0.04343256,25.57432877,1.29e-06,-0.007882034011635572,0.617871521685521,0.3804516551233298,buy
2024-11-13,90375.20000000001,93265.64,86127.99,78508.37391858101,80537.88215398788,77531.23951816559,sell,87952.0,93265.64,86127.99,90375.2,86763.854127,-2180.34632901,0.284795,0.01385577,29.15225506,1.47e-06,0.027178568661184198,0.022559541957589743,0.0030677783496585727,hold
2024-11-14,87325.59000000001,91790.0,86668.21,80923.22784743787,83051.61233246326,80058.42428255081,sell,90375.21,91790.0,86668.21,87325.59,56729.51086,2664.09284299,0.27538514,0.01,51.91630557,2.62e-06,-0.03432634643790914,0.0007067613497812838,0.00022568113878342175,hold
2024-11-15,91032.07,91850.0,87073.38,82859.68919915915,85125.2524125576,82083.87435274123,sell,87325.59,91850.0,87073.38,91032.07,47927.95068,-530.31967737,0.31980743,0.01129106,50.58101568,2.56e-06,0.041568314974823425,2.6414939174523665e-05,0.00015550445512268243,hold
2024-11-16,90586.92000000001,91779.66,90056.17,84396.73238113405,86786.03482186794,83653.63203401565,sell,91032.08,91779.66,90056.17,90586.92,22717.87689,1704.75840856,0.36563139,0.01197493,19.51240465,9.9e-07,-0.004902030249246929,9.02684538655314e-06,0.00018045929460519018,hold
2024-11-17,89855.99000000002,91449.99000000002,88722.0,85758.5181341672,88260.95088839531,85054.1323694229,sell,90587.98,91449.99,88722.0,89855.99,23867.55609,1413.47646919,0.30243057,0.01235219,20.52231981,1.04e-06,-0.008101554091419313,0.0002103909062320008,0.00018888043319483902,hold
2024-11-18,90464.08,92594.00000000001,89376.9,86584.11312235595,89202.18422830105,85903.395424366,sell,89855.98,92594.0,89376.9,90464.08,46545.03448,621.98333857,0.37859519,0.02669843,18.60476963,9.4e-07,0.006744588166355547,0.008306915144934873,0.09099318400833999,hold
2024-11-19,92310.79,93905.51000000001,90357.0,87066.26227327109,89790.09314954281,86401.70613422393,sell,90464.07,93905.51,90357.0,92310.79,43660.04682,-8807.97569025,0.41283496,0.02225066,38.87598294,1.96e-06,0.02020817024435305,0.0006264884220042709,0.6155672131272071,sell
2024-11-20,94286.56,94831.97000000002,91500.0,87497.14560369015,90303.47088575363,86852.90378751754,sell,92310.8,94831.97,91500.0,94286.56,42203.198712,-6786.88106031,0.27403222,0.01,32.65917852,1.65e-06,0.021177619537080205,0.00011742241994601834,0.013866575706424647,hold
2024-11-21,98317.12000000001,98988.0,94040.0,88010.71673626901,90881.14252448082,87395.25443725585,sell,94286.56,98988.0,94040.0,98317.12,69228.360477,-1916.76859894,0.2228616,0.01,36.51899065,1.85e-06,0.04185951709945262,1.3038578388833131e-05,0.00012984106350361584,hold
2024-11-22,98892.0,99588.01000000001,97122.11,88857.24737537384,91773.65770459175,88293.48167810439,sell,98317.12,99588.01,97122.11,98892.0,46189.309243,-6162.66760414,0.23897826,0.01122,34.81506208,1.76e-06,0.005830172847894076,1.2123502400711515e-05,0.0007806664048135522,hold
2024-11-23,97672.4,98908.85,97136.0,89995.12529322626,92951.40995383263,89495.2396859169,sell,98892.0,98908.85,97136.0,97672.4,24757.84367,1285.2399553,0.34163418,0.01,26.09609685,1.32e-06,-0.012409323871574746,7.0421554596638794e-06,0.0001074474722855218,hold
2024-11-24,97900.04000000001,98564.00000000001,95734.77,90969.5336515832,93973.32940936089,90514.63725585937,sell,97672.4,98564.0,95734.77,97900.04,31200.97838,686.84826659,0.35021866,0.02069714,19.85887156,1e-06,0.002327936418892903,0.00021419543139127698,0.0008731095257417257,hold
2024-11-25,93010.01,98871.80000000002,92600.19,91574.884851923,94645.82466244698,91141.3473783493,sell,97900.05,98871.8,92600.19,93010.01,50847.45096,2830.33767464,0.38007635,0.01702928,26.55529913,1.34e-06,-0.051239836346874276,0.0010885183024159314,0.006334803338574525,hold
2024-11-26,91965.16,94973.37000000001,90791.1,91497.42170984746,94676.07803046703,91093.53863592148,sell,93010.01,94973.37,90791.1,91965.16,57858.73138,2711.4582221,0.37453436,0.02708234,41.91893448,2.12e-06,-0.011297312096130885,0.006551358844527298,0.07924010558353582,hold
2024-11-27,95863.11000000002,97208.21000000002,91792.14,90826.42607902766,94113.7623155117,90381.36199274063,sell,91965.16,97208.21,91792.14,95863.11,41153.42734,-6010.32059178,0.51165063,0.01568009,39.05041805,1.97e-06,0.04151142667791282,6.942395195361068e-05,0.2518735750190481,hold
2024-11-28,95643.98,96564.00000000001,94640.0,90386.16056680442,93713.58505785465,89893.23249425887,sell,95863.11,96564.0,94640.0,95643.98,28814.54357,-814.44801694,0.36696204,0.01470721,45.31591541,2.29e-06,-0.002288480239917697,2.4822069195559117e-05,0.0010264573989817202,hold
2024-11-29,97460.00000000001,98619.99,95364.99,90285.79404469015,93622.50464618206,89771.68709974288,sell,95643.99,98619.99,95364.99,97460.0,27701.78231,-3321.89609045,0.38629391,0.01584249,19.29920303,9.8e-07,0.01880928130380514,1.2248857044864169e-05,0.0010710867754784503,hold
2024-11-30,96407.99,97463.95,96092.01,90453.97628459217,93770.46164095402,89926.17775697708,sell,97460.0,97463.95,96092.01,96407.99,14503.83306,-251.44167519,0.46600199,0.01417358,14.38200934,7.3e-07,-0.010852955416106586,8.294022373582302e-06,0.0021575131091771784,hold
2024-12-01,97185.18,97836.0,95693.88,90701.22545833112,94004.04753744602,90170.60547275543,sell,96407.99,97836.0,95693.88,97185.18,16938.60452,-632.36852215,0.50475602,0.01684713,17.85010912,9e-07,0.008029148706736931,0.0002298191394541695,0.010497075023532091,hold
2024-12-02,95840.62,98130.0,94395.0,90921.90720469953,94214.00603711605,90380.03111543655,sell,97185.17,98130.0,94395.0,95840.62,37958.66981,362.96256428,0.32137505,0.02002325,33.12623444,1.67e-06,-0.013931627244584067,0.010682676772398461,0.0009891079357038529,hold
2024-12-03,95849.69000000002,96305.52000000002,93578.17,90935.73682442665,94249.5978653431,90398.59685382842,sell,95840.61,96305.52,93578.17,95849.69,35827.32283,2540.4339111,0.38695214,0.01912431,49.61832971,2.51e-06,9.463180488125695e-05,0.07240988412649838,0.008929542558675972,hold
2024-12-04,98587.32,99000.00000000001,94587.83,90772.11922261477,94113.59274089336,90211.30007104872,sell,95849.69,99000.0,94587.83,98587.32,43850.53728,-4340.24683814,0.24628163,0.025237,20.10483877,1.02e-06,0.028161417666881416,0.6118152280147449,0.04232411665084928,buy
2024-12-05,96945.63000000002,104088.0,90500.0,90821.04103976728,94168.4469896555,90246.38078689575,sell,98587.32,104088.0,90500.0,96945.63,109921.729662,281.37838463,0.21988559,0.04816626,41.542707,2.1e-06,-0.01679234704122157,0.81545386488763,0.18452990480577855,buy
2024-12-06,99740.84000000001,101898.99000000002,95981.72,90642.7487433386,94055.40352463722,90134.4298078537,sell,96945.63,101898.99,95981.72,99740.84,45049.5331,-226.21197636,0.37520219,0.01618439,44.37033547,2.24e-06,0.028424916087496886,0.04485687313783652,0.011580624581938731,hold
2024-12-07,99831.99,100439.18000000001,98844.0,90990.4199550605,94400.42506754398,90483.96658344269,sell,99740.84,100439.18,98844.0,99831.99,14931.9459,2392.37844983,0.4863419,0.01773636,19.25788933,9.7e-07,0.0009134510578209996,0.0017227667024994062,0.018085452485706633,hold
2024-12-08,101109.59000000001,101351.00000000001,98657.7,91659.29364601136,95042.158228755,91161.77634496689,sell,99831.99,101351.0,98657.7,101109.59,14612.99688,395.8536132,0.3845061,0.01828171,20.47342734,1.03e-06,0.012716305068205409,0.00014541893388618501,0.0009052632386868193,hold
2024-12-09,97276.47,101215.93000000001,94150.05,92361.80995337249,95721.92634880543,91873.771504879,sell,101109.6,101215.93,94150.05,97276.47,53949.11595,-2307.60446325,0.37402575,0.01773352,46.94384968,2.37e-06,-0.03864784755258232,3.5149611741450985e-05,0.001772585122351445,hold
2024-12-10,96593.0,98270.00000000001,94256.54,92441.64794094086,95855.82749187946,91989.04362773895,sell,97276.48,98270.0,94256.54,96593.0,51708.68933,-649.85290285,0.38241205,0.01,17.49508445,8.8e-07,-0.007050855728157901,3.1354594457429805e-06,0.00018157115541137336,hold
2024-12-11,101125.00000000001,101888.00000000001,95658.24,92171.87166138411,95639.70778107643,91685.51891021727,sell,96593.0,101888.0,95658.24,101125.0,37753.78291,-3284.39019846,0.41176006,0.01,38.56523316,1.95e-06,0.04585110055392514,5.48407993501813e-06,0.001497746355094833,hold
2024-12-12,100004.29000000001,102540.00000000001,99311.64,92230.29902893782,95702.70161151886,91719.45628147124,sell,101125.0,102540.0,99311.64,100004.29,29232.08745,-2385.94116395,0.29656399,0.01,15.57896825,7.9e-07,-0.011144290310743151,4.140219858213896e-06,9.633541371923799e-05,hold
2024-12-13,101424.25,101895.26,99205.0,92630.45124183656,96099.55018222332,92143.83070764541,sell,100004.29,101895.26,99205.0,101424.25,21904.03923,-5503.90825235,0.36555566,0.00960686,25.83183789,1.3e-06,0.014099129370686553,5.446988536564003e-06,0.001193396497611706,hold
2024-12-14,101420.00000000001,102650.0,100609.41,93076.50274126054,96537.26623594761,92599.94655752182,sell,101424.24,102650.0,100609.41,101420.0,14191.70326,577.2062092,0.37758748,0.00984632,21.67726243,1.1e-06,-4.190407172619906e-05,2.8791518224959283e-06,0.00014970904590358097,hold
2024-12-15,104463.99000000002,105250.0,101237.14,93613.81616033794,97065.46604990959,93160.62701740264,sell,101420.0,105250.0,101237.14,104463.99,22228.921775,1440.72256397,0.43344718,0.00929956,24.80224557,1.25e-06,0.02957210835064263,3.149628354993017e-06,0.0006646058321556457,hold
2024-12-16,106058.66,107793.06999999999,103333.0,94293.52161410809,97739.90199029446,93877.20765457152,sell,104463.99,107793.07,103333.0,106058.66,41302.40274,-5813.03210557,0.32335246,0.00962975,30.92557632,1.56e-06,0.015149918553743596,7.060809885058652e-06,0.0008986292662661758,hold
2024-12-17,106133.74,108353.0,105321.49000000002,95168.35917780161,98629.08220291138,94825.60292034148,sell,106058.65,108353.0,105321.49,106133.74,29064.936466,-1000.01765786,0.32017021,0.00978519,33.19017627,1.68e-06,0.0007076596818099129,3.4226326885896858e-06,7.359298175585533e-05,hold
2024-12-18,100204.01,106524.98000000001,100000.0,96130.23328670026,99611.66662752628,95862.24140081405,sell,106133.74,106524.98,100000.0,100204.01,50307.99755,281.84498327,0.392196,0.00971814,37.51232787,1.89e-06,-0.057491789143001994,8.444073794514577e-06,0.0011745804069215385,hold
2024-12-19,97461.86,102800.11,95700.0,96263.52071893217,99841.03200018406,96073.22779960632,sell,100204.01,102800.11,95700.0,97461.86,55147.398,5279.56421349,0.4522428,0.01,50.91549419,2.57e-06,-0.02774708582409932,8.04274253134399e-06,0.0073042596121404655,hold
2024-12-20,97805.44,98233.00000000001,92232.54,95568.86915963174,99265.30732929707,95373.04115104675,sell,97461.86,98233.0,92232.54,97805.44,62884.1357,3932.10342203,0.32791375,0.01,35.81690292,1.81e-06,0.003519077229743537,7.1864210255844865e-06,0.00021719507384895668,hold
2024-12-21,97291.99000000002,99540.61000000002,96398.39,94370.87372444631,98179.60269510746,94112.10749874114,sell,97805.44,99540.61,96398.39,97291.99,23483.54143,-408.87676432,0.3938144,0.00767912,13.57187668,6.9e-07,-0.005263536125710258,2.065139401198834e-06,0.0001838637802553578,hold
2024-12-22,95186.27000000002,97448.08000000002,94250.35,93560.10764162065,97376.5601080656,93223.00281686783,sell,97292.0,97448.08,94250.35,95186.27,19353.83036,1551.32286332,0.4311693,0.00964754,28.1748484,1.42e-06,-0.02188095438284901,2.814864636999685e-06,0.0006483586387806156,hold
2024-12-23,94881.47,96538.92,92520.0,92635.08373265505,96446.70082867146,92228.68623466491,sell,95186.28,96538.92,92520.0,94881.47,32810.76703,2434.80321834,0.4321105,0.00945662,45.05749977,2.28e-06,-0.0032072803231183965,2.8231585156501536e-06,0.0006238972569764787,hold
2024-12-24,98663.58,99487.99,93569.02,91629.6481721449,95418.87766420841,91142.23059692382,sell,94881.47,99487.99,93569.02,98663.58,23674.22488,-477.55433205,0.42533836,0.00992539,66.9127447,3.38e-06,0.039087452998785556,3.605336571683917e-06,0.0006971882238706253,hold
2024-12-25,99429.60000000002,99569.15,97632.02,91116.00918683768,94835.31487762928,90567.81185359955,sell,98663.58,99569.15,97632.02,99429.6,14474.1651,236.48929993,0.43368587,0.00999985,12.28998926,6.2e-07,0.007733974670366026,2.248441160609156e-06,0.00045882439827088083,hold
2024-12-26,95791.6,99963.7,95199.14,91207.07371673585,94839.11460518837,90640.13293619156,sell,99429.61,99963.7,95199.14,95791.6,21192.36727,342.68723719,0.41945535,0.00744029,21.04033997,1.06e-06,-0.03727485759295436,2.8311022081066044e-06,0.000638407170340041,hold
2024-12-27,94299.03,97544.58,93500.01,91168.98983083249,94747.4124199152,90613.30365962982,sell,95791.6,97544.58,93500.01,94299.03,26501.26429,1513.47609576,0.42188435,0.01,43.22878437,2.18e-06,-0.01570409519397809,3.583115701676125e-06,0.0005069272861639357,hold
2024-12-28,95300.00000000001,95733.99000000002,94135.66,90826.37673158885,94377.04261183739,90240.33134460449,sell,94299.03,95733.99,94135.66,95300.0,8385.8929,-1347.50345639,0.51267042,0.00782256,20.57356552,1.04e-06,0.010558907393903796,3.3138700321208766e-05,0.006319543608640339,hold
