timestamp,open,high,low,close,volume,netflow_total,exchange_whale_ratio,funding_rates,average_dormancy,sa_average_dormancy,log_return,prob_bullish,prob_bearish,marketRegime
2024-01-02,44179.55,45879.63,44148.34,44946.91,65146.40661,3114.36207263,0.16809071,0.0503623,13.96804488,7.1e-07,0.01722000317113513,1.0,1.1174605158083946e-76,buy
2024-01-03,44946.91,45500.0,40750.0,42845.23,81194.55173,4132.22866617,0.36202348,0.01460901,12.54942797,6.4e-07,-0.04788769521256018,0.9813070203687112,0.015608540150107993,buy
2024-01-04,42845.23,44729.58,42613.77,44151.1,48038.06334,-277.16550531,0.20731259,0.01,64.39413201,3.29e-06,0.03002352150755492,0.5385511970209549,0.001419172903893025,buy
2024-01-05,44151.1,44357.46,42450.0,44145.11,48075.25327,-79.61477759,0.25599494,0.01,11.22855368,5.7e-07,-0.0001356796630157846,0.3532856624905839,0.0009416296717734941,hold
2024-01-06,44145.12,44214.42,43397.05,43968.32,17835.06144,2374.73676981,0.41445355,0.01,6.75403491,3.4e-07,-0.004012787545087865,0.8857680391875701,0.015857849377949897,buy
2024-01-07,43968.32,44480.59,43572.09,43929.02,23023.8508,270.76620943,0.34397211,0.01,8.09980044,4.1e-07,-0.000894225072540774,0.8296621327813578,0.0038064632209268557,buy
2024-01-08,43929.01,47248.99,43175.0,46951.04,72814.57589,1330.95579375,0.2808671,0.01,10.05952744,5.1e-07,0.06653020711240704,0.9936551980720232,0.00604406460452004,buy
2024-01-09,46951.04,47972.0,44748.67,46110.0,69927.66617,-102.29041959,0.19152788,0.01,11.61447894,5.9e-07,-0.018075510415030107,0.44011500389886066,0.001253350047783306,buy
2024-01-10,46110.0,47695.93,44300.36,46653.99,89911.41203,2550.31353878,0.21875633,0.01,8.26279444,4.2e-07,0.01172860796383382,0.5832948952518234,0.0017593429603478504,buy
2024-01-11,46654.0,48969.48,45606.06,46339.16,87470.3296,3442.76080516,0.31670231,0.01,9.87091693,5e-07,-0.006771062230729273,0.844741995745501,0.007590814865388316,buy
2024-01-12,46339.16,46515.53,41500.0,42782.73,86327.93707,6126.87875886,0.26140782,0.01085652,8.57577943,4.4e-07,-0.0798528754667809,0.9368399071301964,0.06315630448757298,buy
2024-01-13,42782.74,43257.0,42436.12,42847.99,36118.47464,-1975.56492886,0.30211137,0.01,5.76072701,2.9e-07,0.0015242196406752171,0.7825450930694717,0.005103399270044935,buy
2024-01-14,42847.99,43079.0,41720.0,41732.35,28228.40894,-957.82880079,0.3400731,0.01,12.03001219,6.1e-07,-0.02638212870563945,0.8870552114264826,0.0055037776828838056,buy
2024-01-15,41732.35,43400.43,41718.05,42511.1,40269.89303,2905.14827146,0.29749716,0.01,9.19556671,4.7e-07,0.01848861088034885,0.8438283312508957,0.003057176459856193,buy
2024-01-16,42511.1,43578.01,42050.0,43137.95,45045.74589,-3220.83058915,0.26530421,0.01,113.69706419,5.8e-06,0.014637901828299413,0.4642145585103421,0.002398408338843184,buy
2024-01-17,43137.94,43198.0,42200.69,42776.1,33266.21388,1274.16951535,0.25098676,0.01,20.85319926,1.06e-06,-0.008423584725432613,0.18479059835678746,0.000478269344268469,hold
2024-01-18,42776.09,42930.0,40683.28,41327.5,43907.51641,1363.68995229,0.25392015,0.01,19.36925284,9.9e-07,-0.03445139745815894,0.25406256694219953,0.0012909602804324293,hold
2024-01-19,41327.51,42196.86,40280.0,41659.03,48342.74559,915.41720952,0.21980116,0.01,17.63224276,9e-07,0.007990013891329613,0.11958570317271672,0.00030139203821591735,hold
2024-01-20,41659.03,41872.56,41456.3,41696.04,15923.99493,-299.15417016,0.30370669,0.01,5.98497515,3.1e-07,0.0008880084302503328,0.25791907676275666,0.0011694179834784927,hold
2024-01-21,41696.05,41881.39,41500.98,41580.33,11730.16301,-1375.34741332,0.38517634,0.01,4.52212185,2.3e-07,-0.002778941360300473,0.7918195863728932,0.009851036848187684,buy
2024-01-22,41580.32,41689.65,39431.58,39568.02,55426.19911,787.55932192,0.27704687,0.01,23.76113043,1.21e-06,-0.049606002668420156,0.8943226845435212,0.005951750948642182,buy
2024-01-23,39568.02,40176.74,38555.0,39897.6,57956.63351,1120.17195996,0.20402753,0.01,22.99433767,1.17e-06,0.008294955472882228,0.18732422187742356,0.00041114879170687314,hold
2024-01-24,39897.59,40555.0,39484.19,40084.88,39293.82861,374.08388301,0.26798596,0.01,52.0796775,2.66e-06,0.004683034141144241,0.08148165563031728,0.00023665572361806142,hold
2024-01-25,40084.89,40300.24,39550.0,39961.09,31022.11853,-127.38996296,0.22730656,0.01,25.91838814,1.32e-06,-0.003092975166303934,0.13189275831469666,0.0004663863202650958,hold
2024-01-26,39961.09,42246.82,39822.52,41823.51,47384.96726,-2520.28568993,0.31259654,0.00984674,15.57473003,7.9e-07,0.04555239092628425,0.9008035061027884,0.010360435968941963,buy
2024-01-27,41823.51,42200.0,41394.34,42120.63,16224.41667,-1270.33277571,0.34056545,0.00970909,7.6781406,3.9e-07,0.00707902280697713,0.7886227263611815,0.0038723680624220607,buy
2024-01-28,42120.63,42842.68,41620.81,42031.06,27294.99838,64.45162823,0.35809724,0.00833055,6.61620092,3.4e-07,-0.002128775638974226,0.8138650224687344,0.004118680044185138,buy
2024-01-29,42031.05,43333.0,41804.88,43302.7,31542.74207,1211.5979725,0.34246552,0.00983725,15.05312905,7.7e-07,0.029806119942710457,0.9588417476594397,0.005255865142244174,buy
2024-01-30,43302.71,43882.36,42683.99,42941.1,37619.24546,-3535.67536446,0.3766967,0.00672812,19.23873348,9.8e-07,-0.008385579459892248,0.9609180894580949,0.01453445024473156,buy
2024-01-31,42941.1,43745.11,42276.84,42580.0,39871.13688,-538.44972011,0.22482421,0.00937971,14.59351137,7.4e-07,-0.008444749797383772,0.41442501515761276,0.001128718876733311,buy
2024-02-01,42580.0,43285.13,41884.28,43082.94,35231.04664,3479.12581641,0.293012,0.01,10.56907546,5.4e-07,0.011742435619609937,0.6787924015854512,0.003390886577834279,buy
2024-02-02,43082.95,43488.0,42546.79,43200.0,29672.14418,-3312.44433618,0.25947544,0.00902896,15.50295196,7.9e-07,0.0027134001651212595,0.4737675539559158,0.0026740356752430997,buy
2024-02-03,43199.99,43380.01,42880.0,43011.09,12033.40998,-10.70316222,0.32888484,0.00932061,3.5319803,1.8e-07,-0.004382505832045197,0.3651011327421247,0.001491988455455983,hold
2024-02-04,43011.1,43119.04,42222.0,42582.88,17066.89404,1267.18970947,0.33416161,0.00935333,12.59243877,6.4e-07,-0.010005694851545816,0.40416255077492647,0.0019249784536109114,buy
2024-02-05,42582.88,43569.76,42258.1,42708.7,29467.75905,2895.14555572,0.31696673,0.00995864,13.64202669,7e-07,0.002950351987088814,0.47911414729053087,0.002326260308406036,buy
2024-02-06,42708.7,43399.98,42574.0,43098.95,24675.85433,-502.29727706,0.23294263,0.0091614,28.86624903,1.47e-06,0.009095988310426472,0.3128520786648966,0.0008688885588935153,hold
2024-02-07,43098.96,44396.5,42788.0,44349.6,34392.59915,-4965.94812775,0.24136864,0.00786108,11.47796154,5.8e-07,0.028605054685199374,0.8783191406396563,0.018489440208323382,buy
2024-02-08,44349.6,45614.3,44331.1,45288.65,45439.62231,-5702.87371644,0.26334611,0.00546299,8.77366795,4.5e-07,0.02095275967005496,0.9602206902908218,0.022095198806782894,buy
2024-02-09,45288.66,48200.0,45242.12,47132.77,73503.481,-2951.80113279,0.23109387,0.00744581,9.41930815,4.8e-07,0.039912063594217916,0.8809427979561627,0.005330283505055672,buy
2024-02-10,47132.78,48170.0,46800.0,47751.09,24802.35936,276.7379406,0.28084071,0.00997212,9.36311256,4.8e-07,0.013033381077871586,0.6847822922071783,0.0026461701387502433,buy
2024-02-11,47751.08,48592.66,47557.16,48299.99,29958.80837,3894.8167766,0.4717966,0.01,9.85191814,5e-07,0.01142945972783506,0.9321383606757374,0.06710315389288425,buy
2024-02-12,48300.0,50334.82,47710.01,49917.27,59009.96705,-131.98478111,0.21566214,0.01,14.33035575,7.3e-07,0.03293568144658824,0.886764664259306,0.004623177916434874,buy
2024-02-13,49917.28,50368.61,48300.95,49699.59,55551.56706,-6192.56327647,0.21378414,0.01,10.02817993,5.1e-07,-0.004370351494182536,0.9626898683661378,0.032769119026162565,buy
2024-02-14,49699.6,52043.71,49225.01,51795.17,57046.37401,-304.37643119,0.38619527,0.01032452,19.35240586,9.9e-07,0.041300218103198914,0.9795058709124549,0.018860313134052183,buy
2024-02-15,51795.17,52816.62,51314.0,51880.0,53816.03055,-7113.8013484,0.20402909,0.01,14.92895709,7.6e-07,0.0016364577734705157,0.9382934349320897,0.059085816418222234,buy
2024-02-16,51880.01,52572.08,51566.0,52124.11,37772.25318,-2752.37675211,0.21446248,0.01138723,15.49050993,7.9e-07,0.004694246184426713,0.5695905801484815,0.0037339793798607155,buy
2024-02-17,52124.1,52162.82,50625.0,51642.64,25674.00622,271.68264436,0.35882179,0.01265266,10.00458191,5.1e-07,-0.009279917800631372,0.7254665947739899,0.004682558607123788,buy
2024-02-18,51642.64,52377.0,51163.28,52137.67,21992.10363,789.96371487,0.4239475,0.01634623,8.80840964,4.5e-07,0.009540032294676114,0.8960542807285752,0.01313695656559787,buy
2024-02-19,52137.68,52488.77,51677.0,51774.73,29534.99432,-518.94459972,0.28638952,0.01619108,49.44561105,2.52e-06,-0.00698552773070659,0.5726809081125319,0.001811922750754761,buy
2024-02-20,51774.74,52985.0,50760.37,52258.82,49614.47318,-75.56271678,0.36263961,0.01318822,9.23881354,4.7e-07,0.009306488030900633,0.7826948709147477,0.006369128111946434,buy
2024-02-21,52258.82,52366.8,50625.0,51849.39,43079.40049,4537.33064068,0.43733393,0.01027806,12.86900201,6.6e-07,-0.007865510526459354,0.9535445924831529,0.04033426219604403,buy
2024-02-22,51849.38,52065.78,50940.78,51288.42,35309.44574,-297.50455329,0.3342171,0.01163703,21.98117988,1.12e-06,-0.01087817419895304,0.5977107138140731,0.003345614380696371,buy
2024-02-23,51288.42,51548.54,50521.0,50744.15,30545.79544,1177.75714782,0.32928258,0.01187243,18.89731587,9.6e-07,-0.010668655359765033,0.3699456207651267,0.0014912507995072121,hold
2024-02-24,50744.15,51698.0,50585.0,51568.22,16560.4211,-186.15823514,0.28203243,0.01003332,8.58411965,4.4e-07,0.016109250933854777,0.2150728112064343,0.0006407763745580491,hold
2024-02-25,51568.21,51958.55,51279.8,51728.85,18721.63159,-915.96361322,0.26201953,0.01540486,9.00528647,4.6e-07,0.0031100616788884284,0.24271074762840253,0.001727138429982615,hold
2024-02-26,51728.85,54910.0,50901.44,54476.47,51256.72199,-7621.56520745,0.25055232,0.02574086,11.64789462,5.9e-07,0.051753212367562834,0.8523488394784321,0.14750647751483148,buy
2024-02-27,54476.48,57588.15,54450.13,57037.34,67194.98562,1840.11771894,0.20679813,0.04543725,15.05415799,7.7e-07,0.045937275755513214,0.9892839835212854,0.007814362287957448,buy
2024-02-28,57037.35,64000.0,56691.85,62432.1,118763.46984,2095.69586899,0.16599298,0.05112244,31.44370503,1.6e-06,0.09037342510456357,0.9894913257863598,0.010508640899757905,buy
2024-02-29,62432.11,63676.35,60364.7,61130.98,78425.07603,-563.95512113,0.2396773,0.0732818,22.79637665,1.16e-06,-0.021060790861507746,0.3748294356576694,0.0011889298650612768,hold
2024-03-01,61130.99,63114.23,60777.0,62387.9,47737.93473,-2103.57534494,0.25169343,0.05587864,56.89080214,2.9e-06,0.02035257099534111,0.24118529800863955,0.0009353619255354094,hold
2024-03-02,62387.9,62433.19,61561.12,61987.28,25534.73659,456.76493151,0.31963074,0.05652118,10.58262814,5.4e-07,-0.006442143609634661,0.2825748667676127,0.001196220411717146,hold
2024-03-03,61987.28,63231.88,61320.0,63113.97,28994.90903,-135.80290764,0.29874171,0.04789808,11.76617878,6e-07,0.018012936948412033,0.49149424188516166,0.0019471247456801268,buy
2024-03-04,63113.97,68499.0,62300.0,68245.71,84835.16005,-540.14326156,0.21602022,0.06250599,23.00829145,1.17e-06,0.07817243529189463,0.9896858886383191,0.010266450411555285,buy
2024-03-05,68245.71,69000.0,59005.0,63724.01,132696.7813,4875.49776884,0.20249951,0.07887387,27.16508631,1.38e-06,-0.06855316030923639,0.9779204863109044,0.022033859071998587,buy
2024-03-06,63724.01,67641.1,62779.14,66074.04,78738.85491,2643.80200309,0.19411036,0.03840476,48.85195369,2.49e-06,0.03621451680304252,0.9765847393510759,0.00324120361190962,buy
2024-03-07,66074.04,67980.0,65551.0,66823.17,53059.8869,-79.23630276,0.30760834,0.04437566,26.9912751,1.37e-06,0.011273945248864211,0.6933631034475866,0.0019875621456319284,buy
2024-03-08,66823.18,69990.0,66082.66,68124.19,74261.932842,-3674.63287351,0.30547793,0.0435441,24.85513029,1.26e-06,0.019282486315176334,0.7876239284030223,0.006677193401443456,buy
2024-03-09,68124.2,68541.1,67861.1,68313.27,19872.89743,-792.03491579,0.31187146,0.02901882,15.38749117,7.8e-07,0.0027716745979517753,0.6691301300401092,0.0024970468199360216,buy
2024-03-10,68313.28,69887.61,68094.75,68955.88,38404.66835,1276.72736655,0.40753692,0.05454584,28.23307929,1.44e-06,0.009362842188647231,0.9436894811859539,0.01203693943584945,buy
2024-03-11,68955.88,72800.0,67024.96,72078.1,75292.825726,6175.24856579,0.27836155,0.06374805,20.57079542,1.05e-06,0.044283373561153284,0.9846886561823434,0.015306522727456527,buy
2024-03-12,72078.1,73000.0,68620.82,71452.01,68783.546691,1235.96093564,0.28373736,0.04747114,15.18255531,7.7e-07,-0.008724217811494954,0.596393379976377,0.0017151390703786435,buy
2024-03-13,71452.0,73650.25,71333.31,73072.41,52659.711647,-3233.15442215,0.25346654,0.04780733,20.2069578,1.03e-06,0.022424831790492365,0.7120168854430701,0.004442041686835736,buy
2024-03-14,73072.4,73777.0,68555.0,71388.94,71757.628746,-2334.56326045,0.35745647,0.03741991,29.3477389,1.49e-06,-0.02330791194500903,0.9637883015871209,0.012575291834946115,buy
2024-03-15,71388.94,72419.71,65600.0,69499.85,103334.03546,-4530.43710399,0.36265929,0.02007064,14.59878427,7.4e-07,-0.02681836109117046,0.9731759529775131,0.02663413515784537,buy
2024-03-16,69499.84,70043.0,64780.0,65300.63,55926.95336,2118.68911364,0.27043975,0.0197725,11.55128105,5.9e-07,-0.062322910279710986,0.9891881666610377,0.010186573715365287,buy
2024-03-17,65300.64,68904.4,64533.0,68393.48,49742.21589,495.83767747,0.29775365,0.01995308,53.98408368,2.75e-06,0.046275814432356635,0.9891508011789462,0.003967738810453501,buy
2024-03-18,68393.47,68956.0,66565.2,67609.99,55691.08088,-1732.62339558,0.32180547,0.02847769,17.31236562,8.8e-07,-0.01152174525222046,0.9013023082455182,0.007952594333695037,buy
2024-03-19,67610.0,68124.11,61555.0,61937.4,101005.32487,5452.62095411,0.33091854,0.02317695,11.98202275,6.1e-07,-0.08763155563733493,0.9074387928124055,0.09256106731954485,buy
2024-03-20,61937.41,68100.0,60775.0,67840.51,90420.58592,-1908.65554963,0.27280591,0.01700925,13.0750508,6.7e-07,0.09103531158594273,0.9699366294755845,0.03006319160549169,buy
2024-03-21,67840.51,68240.47,64529.01,65501.27,53357.48002,1088.50414533,0.38055222,0.01915549,29.26297907,1.49e-06,-0.03508997737785613,0.9814037706977203,0.011454283641901163,buy
2024-03-22,65501.28,66649.62,62260.0,63796.64,51482.37821,-2128.7048351,0.35232131,0.0112868,42.82515031,2.18e-06,-0.026369007379098856,0.9821159307360378,0.009545506779523046,buy
2024-03-23,63796.64,65999.0,63000.0,63990.01,26410.11409,-924.19045096,0.42828922,0.0114912,227.68402914,1.158e-05,0.003026453038660462,0.9763054127897128,0.01593756899751302,buy
2024-03-24,63990.02,67628.69,63772.29,67209.99,31395.78015,-591.10149603,0.39005445,0.01620251,23.49854321,1.2e-06,0.04909491976870599,0.9862761478522367,0.013249133197364133,buy
2024-03-25,67210.0,71150.0,66385.06,69880.01,53431.14486,-625.11780355,0.31542654,0.02468944,56.05822837,2.85e-06,0.038957731173826136,0.9671435426556515,0.004257733493928954,buy
2024-03-26,69880.0,71561.1,69280.0,69988.0,38934.38417,3781.4192653,0.3020676,0.0258169,22.24524419,1.13e-06,0.0015441704140665396,0.8751278313116719,0.003757034771736779,buy
2024-03-27,69987.99,71769.54,68359.18,69469.99,49119.35685,2286.54620874,0.29777244,0.03279905,12.10925252,6.2e-07,-0.007428938024621631,0.542566190215705,0.001703166027825735,buy
2024-03-28,69469.99,71552.06,68903.62,70780.6,35439.03239,-1913.65650724,0.30838534,0.0271968,42.21307011,2.15e-06,0.01869009109453202,0.4124055810119355,0.0018948357479315694,buy
2024-03-29,70780.6,70916.16,69009.0,69850.54,25445.08353,1429.16107749,0.30383076,0.02542674,9.65666031,4.9e-07,-0.01322713532737063,0.2784484661558241,0.0009998128899527292,hold
2024-03-30,69850.53,70321.1,69540.0,69582.18,13644.61142,1105.62833054,0.25915179,0.03188589,11.11624325,5.7e-07,-0.0038493164497219014,0.26733405077032646,0.0007687878842437351,hold
2024-03-31,69582.17,71366.0,69562.99,71280.01,19396.34433,391.7888994,0.35393824,0.04482617,17.79196247,9e-07,0.024107423379159526,0.8038645097215608,0.005919525558880677,buy
2024-04-01,71280.0,71288.23,68062.86,69649.8,41445.32039,-1013.44482895,0.35538231,0.03517021,57.47011796,2.92e-06,-0.02313609473301786,0.9368232916380881,0.007942410867878082,buy
2024-04-02,69649.81,69674.23,64550.0,65463.99,71799.82793,-1992.73732001,0.35892863,0.01275318,24.85542918,1.26e-06,-0.06197960825197718,0.9762658869370786,0.02372130358393834,buy
2024-04-03,65463.99,66903.63,64493.07,65963.28,39887.21778,-2036.69593024,0.41416782,0.01,11.02347549,5.6e-07,0.007598003093028574,0.9728459257532032,0.019816605124636805,buy
2024-04-04,65963.27,69309.91,65064.52,68487.79,41510.48453,-3947.34901381,0.27058517,0.01,11.09246958,5.6e-07,0.03755725764251874,0.9578479805942802,0.02547733354151234,buy
2024-04-05,68487.8,68756.67,65952.56,67820.62,37915.23073,921.69237671,0.54309531,0.01,6.33856345,3.2e-07,-0.009789202703133824,0.8268172885341385,0.1730947571971043,buy
2024-04-06,67820.63,69692.0,67447.83,68896.0,20134.28919,-448.8997803,0.3472924,0.01,12.19810026,6.2e-07,0.015731842680183246,0.846795078047465,0.010658973143432051,buy
2024-04-07,68896.0,70326.29,68824.0,69360.39,21534.74433,976.73148197,0.32930313,0.01,9.57601405,4.9e-07,0.006717834111896003,0.797902996344704,0.0030081792611603387,buy
2024-04-08,69360.38,72797.99,69043.24,71620.0,45723.87624,2484.33744589,0.2943964,0.0202846,9.76020528,5e-07,0.03205840927643814,0.9739250541039906,0.006266893399633607,buy
2024-04-09,71620.0,71758.19,68210.0,69146.0,39293.90242,2542.63470502,0.47239348,0.01970703,14.20033891,7.2e-07,-0.03515415339654028,0.9351008127971597,0.06465945196814599,buy
2024-04-10,69146.0,71172.08,67518.0,70631.08,42006.02377,-307.79754699,0.46447992,0.01341667,10.11356211,5.1e-07,0.02125006308303191,0.9496390606527129,0.04950854713781227,buy
2024-04-11,70631.08,71305.89,69567.21,70006.23,31917.25595,-1036.26115107,0.42844029,0.01913337,8.04348322,4.1e-07,-0.00888603616768445,0.9722163381640367,0.021869670500121965,buy
2024-04-12,70006.22,71227.46,65086.86,67116.52,56072.86229,3311.9216826,0.29164607,0.01838348,11.64734696,5.9e-07,-0.04215402471169341,0.9827068209957743,0.007535140226071937,buy
2024-04-13,67116.52,67929.0,60660.57,63924.51,71395.22019,609.04445241,0.330678,0.01,8.06079488,4.1e-07,-0.04872735746222276,0.989482385913958,0.007360898991529582,buy
2024-04-14,63924.52,65840.0,62134.0,65661.84,61599.17818,2412.59081424,0.35943054,0.01,9.88664157,5e-07,0.026815078915186055,0.9880055294159026,0.007038155405450581,buy
2024-04-15,65661.85,66867.07,62274.4,63419.99,52389.53069,-1263.17168434,0.40707763,0.00687363,10.53046855,5.3e-07,-0.03473882339914055,0.9798947133451096,0.018989795899198227,buy
2024-04-16,63419.99,64365.0,61600.0,63793.39,53435.29331,2527.27458418,0.38663473,0.0070393,23.90095229,1.21e-06,0.005870468536476564,0.9534734994782844,0.030196243802683858,buy
2024-04-17,63793.4,64499.0,59678.16,61277.37,50610.54509,-1498.80282757,0.42140542,0.00557326,8.96186412,4.6e-07,-0.040238973210926274,0.7635810483980923,0.23611437778783895,buy
2024-04-18,61277.38,64117.09,60803.35,63470.08,43601.60918,-2465.78394016,0.77156837,0.00236655,21.26177303,1.08e-06,0.035158006998813135,0.00021253130637781826,0.9997874686935075,sell
2024-04-19,63470.09,65450.0,59600.01,63818.01,69774.30271,646.74564734,0.34072898,0.00554737,14.46494915,7.3e-07,0.005466825160537417,0.754546673174503,0.1155286419824859,buy
2024-04-20,63818.01,65419.0,63090.07,64940.59,23137.42975,-565.63775558,0.50199668,0.00381411,6.73915079,3.4e-07,0.01743741302682119,0.7369641931032511,0.2627221549862433,buy
2024-04-21,64940.58,65695.56,64237.5,64941.15,19316.42152,-761.92681818,0.48773205,0.00408288,7.32207134,3.7e-07,8.623229100669178e-06,0.6654797398387957,0.3340147455812732,buy
2024-04-22,64941.15,67232.35,64500.0,66819.32,31397.99371,-3899.68935614,0.43029171,0.00199741,8.20985363,4.2e-07,0.028510785110948657,0.49555251035517384,0.5042243988205951,buy
2024-04-23,66819.32,67183.01,65765.81,66414.0,22599.90004,-2358.30715821,0.61998111,0.00215741,11.14462316,5.7e-07,-0.006084382651452649,0.06523737190612848,0.9347626247086861,sell
2024-04-24,66414.0,67070.43,63606.06,64289.59,33595.69637,9210.14348624,0.30127348,0.0054198,28.52478966,1.45e-06,-0.03251015685090299,0.3832467644166915,0.6167523999836519,sell
2024-04-25,64289.58,65297.94,62794.0,64498.34,31341.46338,-924.2907526,0.33503968,0.00344511,11.22217793,5.7e-07,0.0032417662557915235,0.7397104565182301,0.02482241550550283,buy
2024-04-26,64498.33,64820.01,63297.48,63770.01,27085.19346,-1499.22836111,0.35571383,0.00522521,9.40093273,4.8e-07,-0.011356469895713836,0.771006583727474,0.006357874732239254,buy
2024-04-27,63770.0,63923.41,62391.24,63461.98,20933.06052,1059.20536813,0.34769235,0.00512507,16.19712956,8.2e-07,-0.004842030716018614,0.6320018413869809,0.002842333920377847,buy
2024-04-28,63461.98,64370.0,62781.0,63118.62,16949.20005,2190.02125234,0.26444521,0.00068245,12.54116432,6.4e-07,-0.005425173243951366,0.570031873335385,0.0018242633788218027,buy
2024-04-29,63118.62,64228.35,61765.53,63866.0,28150.22947,-640.66415311,0.39484227,0.0048765,11.64873903,5.9e-07,0.01177132522006203,0.8896522282352428,0.020125155269183626,buy
2024-04-30,63866.0,64734.0,59191.6,60672.0,54947.65535,6488.88372203,0.41511999,0.0099604,15.86509661,8.1e-07,-0.051304831768252054,0.884032494893456,0.11595360963222309,buy
2024-05-01,60672.01,60841.63,56552.82,58364.97,81166.46823,76.48896566,0.30818763,0.00865649,11.00866915,5.6e-07,-0.03876642553474422,0.9447972281932955,0.010269887985717133,buy
2024-05-02,58364.97,59625.0,56911.84,59060.61,47583.81961,1071.48837634,0.29406549,0.0021943,10.80632484,5.5e-07,0.011848323644138173,0.8000396228662829,0.002401916274836689,buy
2024-05-03,59060.6,63333.0,58811.32,62882.01,43628.40143,-3555.61581635,0.3073547,0.00148332,13.33919625,6.8e-07,0.06269590851696512,0.9829530156790788,0.016581760280267532,buy
2024-05-04,62882.01,64540.0,62541.03,63892.04,24368.69282,236.67808222,0.41156408,0.00713852,6.71380744,3.4e-07,0.01593467072506892,0.9767008151872857,0.012125004404823309,buy
2024-05-05,63892.03,64646.0,62822.17,64012.0,18526.75029,-718.05690324,0.42285143,0.00193991,5.7147507,2.9e-07,0.0018757817997593531,0.9727189500978882,0.013847931198459028,buy
2024-05-06,64012.0,65500.0,62700.0,63165.19,34674.91949,-1104.47455089,0.38573249,0.00333887,14.64070454,7.4e-07,-0.013317207511333138,0.95456923599925,0.008544703970642525,buy
2024-05-07,63165.18,64422.41,62261.0,62312.08,25598.79472,797.70174325,0.35067081,0.00572552,6.98895574,3.5e-07,-0.013598050793730939,0.8880372282221052,0.004415355172110418,buy
2024-05-08,62312.07,63020.22,60888.0,61193.03,26121.19004,531.95405374,0.39813613,0.00821188,10.90383596,5.5e-07,-0.018122013335120257,0.958575406153074,0.009493359139546395,buy
2024-05-09,61193.03,63429.03,60630.0,63074.01,30660.8061,-1674.37840394,0.38696471,0.00405531,7.47865842,3.8e-07,0.030275504659909153,0.9810149517964064,0.01127061189403713,buy
2024-05-10,63074.0,63469.13,60187.12,60799.99,36529.34025,1626.79229736,0.36630922,0.0061553,6.64585385,3.4e-07,-0.03671917430504504,0.9792608178909827,0.011586331403560425,buy
2024-05-11,60799.99,61515.0,60487.09,60825.99,13374.56936,45.48917225,0.44691836,0.0041181,10.60175615,5.4e-07,0.0004275402409262431,0.9528030704124484,0.04203298358740484,buy
2024-05-12,60825.99,61888.0,60610.0,61483.99,12753.13236,1381.96195058,0.52364813,0.00710491,17.35478483,8.8e-07,0.01075965097938284,0.870492547252179,0.12941989099080564,buy
2024-05-13,61484.0,63450.0,60749.21,62940.08,32733.41839,172.75494602,0.38052894,0.0089677,9.11042095,4.6e-07,0.023406346968515828,0.962618960986916,0.01656109886026779,buy
2024-05-14,62940.09,63118.36,61142.77,61577.49,29088.72041,1358.74492333,0.36147671,0.00855385,14.12060611,7.2e-07,-0.021886781008613777,0.9410616602635142,0.012820206327202582,buy
2024-05-15,61577.49,66444.16,61319.47,66206.5,43559.74719,-6623.77725162,0.31053274,0.00147914,49.30504474,2.5e-06,0.07248226375544757,0.8942329599555943,0.1057652442544203,buy
2024-05-16,66206.51,66752.01,64602.77,65235.21,31106.3671,-490.16112683,0.34677912,0.00535606,8.5122127,4.3e-07,-0.014779291590717515,0.9103100311629307,0.009806525000729925,buy
2024-05-17,65235.21,67451.2,65106.38,67024.0,26292.23409,-1842.52261033,0.39042739,0.00124807,9.56938044,4.9e-07,0.027051410361314365,0.9677390836259594,0.011532720259954478,buy
2024-05-18,67024.0,67400.01,66600.0,66915.2,14441.25774,-41.41669907,0.34474888,0.00332774,6.24882396,3.2e-07,-0.0016246180943355483,0.8615790388815374,0.004978864471869072,buy
2024-05-19,66915.2,67700.0,65857.25,66274.01,18025.30409,685.52226304,0.4698343,0.00641245,8.93202077,4.5e-07,-0.00962833180615985,0.9594290380502477,0.03724876869507698,buy
2024-05-20,66274.0,71515.56,66060.31,71446.62,50816.7011,-2458.43693455,0.3200543,0.004186,11.70601543,5.9e-07,0.07515278314448008,0.9759565295433466,0.024034699903079448,buy
2024-05-21,71446.62,71979.0,69162.94,70148.34,49607.4336,7444.87155841,0.28616987,0.01219611,11.09359691,5.6e-07,-0.018338454758227797,0.9690977896341169,0.030809802267272472,buy
2024-05-22,70148.34,70666.0,68842.19,69166.62,27673.18026,-3335.19897291,0.30156497,0.01117878,22.78981861,1.16e-06,-0.014093766386815483,0.9638303375742706,0.009186408640136822,buy
2024-05-23,69166.62,70096.12,66312.16,67969.65,40513.17374,3414.19462072,0.37514018,0.01013625,18.82756675,9.6e-07,-0.017457094288918538,0.9742059682559581,0.010252731398543814,buy
2024-05-24,67969.66,69250.0,66600.12,68549.99,28095.83664,-1426.19974127,0.40297266,0.01,13.80558199,7e-07,0.008501978114690344,0.970865874885291,0.012687738594397422,buy
2024-05-25,68549.99,69610.0,68500.0,69290.57,12130.39418,-134.90644981,0.43302026,0.01,7.04533351,3.6e-07,0.01074556177134258,0.9701038662234255,0.022812426528448303,buy
2024-05-26,69290.56,69562.23,68128.01,68507.67,11872.11797,-165.11101352,0.46771868,0.01,13.25417042,6.7e-07,-0.011363112097898122,0.9467947856416254,0.051682646165258334,buy
2024-05-27,68507.67,70687.56,68250.0,69436.43,23136.92737,1058.05492247,0.46133732,0.01194159,18.50037854,9.4e-07,0.013465947937329524,0.9240247705129231,0.07444836754359292,buy
2024-05-28,69436.43,69591.81,67277.91,68398.39,32622.97042,1153.90334702,0.45654192,0.01,502.97117674,2.553e-05,-0.0150623714003808,0.848127982484256,0.14909949546067297,buy
2024-05-29,68398.4,68935.68,67124.65,67652.42,23159.83149,3406.81301384,0.56317644,0.01179493,9.11837827,4.6e-07,-0.010966160005080427,0.5569426472846581,0.4430532834441096,buy
2024-05-30,67652.41,69500.0,67128.0,68352.17,28478.2184,-2096.58880947,0.39418874,0.01043699,12.34568731,6.3e-07,0.010290184685345129,0.9222564692507618,0.061171272031033425,buy
2024-05-31,68352.17,69044.1,66670.0,67540.01,26690.32184,1031.42529919,0.38286388,0.01092737,7.39713966,3.8e-07,-0.011953148002230988,0.9413980553182261,0.012795724287265959,buy
2024-06-01,67540.01,67900.0,67428.44,67766.85,8837.66133,729.22485275,0.41553295,0.01092109,9.40540775,4.8e-07,0.003352974306247208,0.9499720893233269,0.029028855315346914,buy
2024-06-02,67766.84,68460.0,67257.47,67765.63,15426.32529,-1179.97302526,0.53513021,0.01033541,8.08794743,4.1e-07,-1.800306465331948e-05,0.8385495238815739,0.1613932636175378,buy
2024-06-03,67765.62,70288.0,67612.48,68809.9,29633.374,-2347.86983469,0.34190236,0.01152315,18.08508881,9.2e-07,0.015292495676779325,0.9148374518742576,0.01595754731647255,buy
2024-06-04,68809.89,71063.45,68567.32,70537.84,29619.78489,-3268.31880098,0.32944969,0.01023041,10.88237195,5.5e-07,0.02480167347858517,0.9034845474149239,0.008422814938974683,buy
2024-06-05,70537.83,71758.0,70383.66,71108.0,28703.18082,-2204.23150328,0.28063169,0.01323322,10.55201195,5.4e-07,0.008050544645661345,0.6582319183849124,0.003771721307550208,buy
2024-06-06,71108.0,71700.0,70117.64,70799.06,21842.00449,1539.78301128,0.37110929,0.01206336,24.60504062,1.25e-06,-0.004354124285061161,0.761580839316087,0.046706044206732834,buy
2024-06-07,70799.06,71997.02,68420.0,69355.6,35598.45045,-3270.05717437,0.57730367,0.01021135,11.20004755,5.7e-07,-0.020598830454873523,0.2810430479529073,0.7189569024762398,sell
2024-06-08,69355.6,69582.2,69168.02,69310.46,9773.82967,7243.30926669,0.41743654,0.01,11.10748154,5.6e-07,-0.00065106056369522,0.5525586152453593,0.44743639872830254,buy
2024-06-09,69310.46,69857.14,69130.24,69648.14,9890.56709,1313.48953588,0.39838088,0.01,10.83524715,5.5e-07,0.004860162159083764,0.9046008892426555,0.04451428012779754,buy
2024-06-10,69648.15,70195.94,69172.29,69540.0,17122.66941,1197.26043567,0.31621462,0.01,9.30982793,4.7e-07,-0.0015538683361776106,0.790363162143998,0.004469789378274031,buy
2024-06-11,69540.0,69590.01,66051.0,67314.24,41436.01588,2205.53030233,0.44016821,0.01,55.80304185,2.83e-06,-0.032530322415029955,0.9651462164272311,0.0318454960752716,buy
2024-06-12,67314.23,69999.0,66905.0,68263.99,37175.32356,112.66786414,0.43618095,0.01,15.77687506,8e-07,0.014010590579490376,0.9706018098185196,0.02464519823183527,buy
2024-06-13,68263.98,68449.3,66251.78,66773.01,29079.55571,-1067.88511816,0.45697011,0.01,7.59771021,3.9e-07,-0.02208343776467173,0.9652874312526724,0.03387043900956756,buy
2024-06-14,66773.01,67370.24,65078.0,66043.99,28408.18797,2989.48880259,0.36023837,0.01,9.29203597,4.7e-07,-0.010977921824138023,0.9615046039976906,0.009265816194332447,buy
2024-06-15,66043.99,66478.48,65857.1,66228.25,11451.80242,1760.80709393,0.42216951,0.01,20.8706007,1.06e-06,0.0027860739213107213,0.9716624607223598,0.01784533896565065,buy
2024-06-16,66228.25,66998.7,66034.5,66676.87,9392.52223,-39.23490734,0.47278231,0.01,5.43563389,2.8e-07,0.006751007092293841,0.9564089358714012,0.042141862909996136,buy
2024-06-17,66676.86,67298.81,65130.0,66504.33,27386.16851,1297.47980323,0.45786279,0.01,13.56150033,6.9e-07,-0.002591057844952401,0.9644373986398588,0.03181809987158475,buy
2024-06-18,66504.33,66588.23,64060.0,65175.32,42350.10244,370.14506201,0.36291676,0.00921259,7.43560784,3.8e-07,-0.020186188658431685,0.9474982852021979,0.008372214149072918,buy
2024-06-19,65175.32,65727.54,64666.0,64974.37,20060.79576,-3604.62218798,0.39803248,0.00470885,8.45233828,4.3e-07,-0.0030879852219766885,0.971793649252397,0.025366730084294183,buy
2024-06-20,64974.37,66482.94,64559.15,64869.99,24265.29031,683.8795676,0.44111401,0.00660158,8.74827883,4.4e-07,-0.001607771373120505,0.9596037122197292,0.03406677695293513,buy
2024-06-21,64869.99,65066.66,63379.35,64143.56,25993.56442,946.76636275,0.50708866,0.00874974,16.17885028,8.2e-07,-0.011261416759841722,0.9119172613858829,0.08776094886983195,buy
2024-06-22,64143.56,64546.81,63943.82,64262.01,7308.95542,404.8510679,0.40405431,0.00858359,162.32177054,8.23e-06,0.001844936066219504,0.9516175670196961,0.02470986375248102,buy
2024-06-23,64262.01,64521.0,63178.32,63210.01,8224.45447,74.24568404,0.47355533,0.00598565,9.98247015,5.1e-07,-0.016505957689856198,0.9326945599123141,0.06622296532262417,buy
2024-06-24,63210.01,63369.8,58402.0,60293.3,52161.35414,5677.5477071,0.40416334,0.00951755,20.33831308,1.03e-06,-0.04724168823827901,0.9021015528402788,0.0978527087882141,buy
2024-06-25,60293.3,62420.0,60257.06,61806.01,31189.24361,-1872.08790876,0.43132997,0.0068601,11.43970643,5.8e-07,0.024779622477455705,0.9317592330570028,0.0665479424825843,buy
2024-06-26,61806.01,62487.81,60712.0,60864.99,22485.66463,3508.54666862,0.45968666,0.00990358,14.4504905,7.3e-07,-0.015342476362678105,0.8879473102909062,0.11132408172006841,buy
2024-06-27,60864.98,62389.22,60606.63,61706.47,18344.28631,3377.17418078,0.50748324,0.01,36.89290652,1.87e-06,0.013730655086801458,0.8308914989005116,0.16907365806059524,buy
2024-06-28,61706.46,62225.31,60063.0,60427.84,24821.19255,3234.34506057,0.38754244,0.01,12.72920803,6.5e-07,-0.020938861751513153,0.9595388613366131,0.029268065033522448,buy
2024-06-29,60427.84,61224.0,60383.77,60986.68,11509.55904,1656.02541158,0.36397904,0.01,5.51519681,2.8e-07,0.009205553774616642,0.9503423619730886,0.006847951273133434,buy
2024-06-30,60986.68,63058.76,60712.21,62772.01,17326.30136,853.7722185,0.40962451,0.01,10.11090637,5.1e-07,0.028853793809744524,0.9816154973178256,0.014741713748218832,buy
2024-07-01,62772.01,63861.76,62497.2,62899.99,24547.10538,2685.54130626,0.4527992,0.01,12.96995091,6.6e-07,0.0020367312407112426,0.9663367484737866,0.03199705298813349,buy
2024-07-02,62900.0,63288.83,61806.28,62135.47,18573.11875,2781.77303176,0.41715597,0.01,9.1069677,4.6e-07,-0.012229003319739846,0.9705706506856118,0.022966286603166314,buy
2024-07-03,62135.46,62285.94,59400.0,60208.58,32160.11127,1144.44292696,0.42427769,0.01,34.98099052,1.77e-06,-0.0315021343281225,0.9608789582094237,0.03644588898838487,buy
2024-07-04,60208.57,60498.19,56771.0,57050.01,54568.77276,3505.48284476,0.47194394,0.01,17.37460382,8.8e-07,-0.05388661548310068,0.8907446416137426,0.10924021211194279,buy
2024-07-05,57050.02,57546.0,53485.93,56628.79,81348.24756,-1324.64215247,0.3620939,0.00676998,43.53367232,2.21e-06,-0.007410738462197537,0.9224969946315,0.026179556549470344,buy
2024-07-06,56628.79,58475.0,56018.0,58230.13,21651.31558,-926.69749767,0.44320389,0.00526778,7.13101277,3.6e-07,0.027885405242016163,0.8735902895739153,0.12466293983789056,buy
2024-07-07,58230.13,58449.46,55724.37,55857.81,19118.93918,-1137.42197404,0.56260427,0.00989427,12.0364949,6.1e-07,-0.04159356377998373,0.5552685136888537,0.4447313750310153,buy
2024-07-08,55857.81,58236.73,54260.16,56714.62,48090.2049,2315.79708412,0.43847348,0.00890841,6.07953261,3.1e-07,0.015222671228313616,0.8743664034698222,0.12413532048904918,buy
2024-07-09,56714.61,58296.0,56289.45,58050.0,27732.20788,1630.22023883,0.46104811,0.00804834,24.9559196,1.27e-06,0.023272682322844962,0.9372672539131753,0.06215383609401656,buy
2024-07-10,58050.0,59470.0,57157.79,57725.85,24951.73799,-16.20635301,0.39691455,0.00899753,19.09417154,9.7e-07,-0.0055996280225802065,0.9538610772834851,0.013695309283832474,buy
2024-07-11,57725.85,59650.0,57050.0,57339.89,29761.05735,3036.77595325,0.3712704,0.00903169,5.71863232,2.9e-07,-0.006708538049520128,0.9582144194029615,0.015809089442648278,buy
2024-07-12,57339.89,58526.68,56542.47,57889.1,23652.4569,-1036.97357401,0.48754135,0.0056975,10.95856334,5.6e-07,0.009532569171711086,0.8993612385855304,0.10010722964085489,buy
2024-07-13,57889.09,59850.0,57756.63,59204.02,15357.74519,1541.91281333,0.50790009,0.00808576,6.51005226,3.3e-07,0.022460333746386348,0.8608643265486372,0.139076740707113,buy
2024-07-14,59204.01,61420.69,59194.01,60797.91,21178.33907,-707.84863416,0.41134625,0.00586872,11.83935087,6e-07,0.02656596839138983,0.9578412029497855,0.037773194126336944,buy
2024-07-15,60797.91,64900.0,60632.3,64724.14,38690.9782,-4881.83263857,0.34519031,0.0013888,10.69695681,5.4e-07,0.06257882518464983,0.9532302220429476,0.04672569859699699,buy
2024-07-16,64724.06,65388.97,62373.24,65043.99,42530.52915,-2410.71523813,0.31301349,0.00148981,7.53960508,3.8e-07,0.004929571655444641,0.8596073944566807,0.006124860995863476,buy
2024-07-17,65044.0,66128.63,63854.0,64087.99,29567.52954,1501.41035096,0.37252823,0.00235685,12.02272481,6.1e-07,-0.014806827344029673,0.9163313782200502,0.006918466417518049,buy
2024-07-18,64087.99,65133.3,63238.48,63987.92,22568.7225,-479.31228126,0.42899131,0.00282268,29.21898335,1.48e-06,-0.0015626673332034774,0.9696728867479084,0.017030015064807485,buy
2024-07-19,63987.92,67386.0,63300.67,66660.0,35634.72739,-4566.70182106,0.32979348,0.00235454,36.5330138,1.85e-06,0.040910757335444886,0.9755072606164987,0.02273652670873476,buy
2024-07-20,66660.01,67598.0,66222.46,67139.96,14386.92434,-314.26321071,0.40102166,0.0007044,6.18291946,3.1e-07,0.00717432290208512,0.9507090398102465,0.024977940124009706,buy
2024-07-21,67139.97,68366.66,65777.0,68165.34,21819.11191,-1349.42433004,0.52612922,0.00077849,6.75029521,3.4e-07,0.015156828740989328,0.8437300980778573,0.1562167345876593,buy
2024-07-22,68165.35,68474.55,66559.97,67532.01,21451.04303,-641.42508559,0.38584787,0.00479332,9.10033458,4.6e-07,-0.009334516829783621,0.9257962285375074,0.042030155339422365,buy
2024-07-23,67532.0,67750.98,65441.08,65936.01,31406.15316,4793.98777142,0.44466436,0.00512695,61.23855223,3.1e-06,-0.023916981434216472,0.8537099982954359,0.14595481244313857,buy
2024-07-24,65936.0,67102.01,65111.0,65376.0,23082.56277,2275.01881497,0.44582563,0.01,11.78149028,6e-07,-0.008529507623456263,0.7584294811932868,0.23766942001506172,buy
2024-07-25,65376.01,66175.49,63456.7,65799.95,35126.42934,8438.88997354,0.50795875,0.01,23.73569439,1.2e-06,0.006463859817351855,0.2644430719947136,0.7355569258545542,sell
2024-07-26,65799.95,68200.0,65722.63,67907.99,24244.36023,-1320.55245644,0.35528409,0.00719095,10.56887988,5.4e-07,0.03153462223775808,0.9222206086901575,0.06104992866351202,buy
2024-07-27,67908.0,69399.99,66650.0,67896.5,31710.21921,79.23455499,0.4285537,0.00848822,14.52022367,7.4e-07,-0.00016921384598440523,0.96613621885393,0.021453954234616705,buy
2024-07-28,67896.49,68318.43,67066.66,68249.88,10868.69394,450.92848071,0.40594822,0.00693712,12.76981252,6.5e-07,0.005191188977428364,0.9666455080569457,0.011022498535127654,buy
2024-07-29,68249.88,70079.99,66428.0,66784.69,36467.29633,-1660.92740295,0.40214806,0.00734192,17.85193311,9e-07,-0.02170181316434392,0.9808773391396036,0.01376081486398908,buy
2024-07-30,66784.68,67000.0,65302.67,66188.0,23132.25441,-2400.45381104,0.35795021,0.00504074,51.12353646,2.59e-06,-0.008974685027823451,0.9669961078258205,0.0090405321051552,buy
2024-07-31,66188.0,66849.24,64530.0,64628.0,22625.43905,-982.50434804,0.41351843,0.00549908,7.05637008,3.6e-07,-0.02385142421501373,0.9794290301438225,0.016314603001087117,buy
2024-08-01,64628.01,65659.78,62302.0,65354.02,35542.26854,2573.86431877,0.4334186,0.00937617,17.74351239,9e-07,0.011171199683345215,0.9754690638548836,0.0223436303550655,buy
2024-08-02,65354.02,65596.14,61230.01,61498.33,38820.42937,1825.4211165,0.37607408,0.01,7.27276478,3.7e-07,-0.06080893312569105,0.9794662365291161,0.020408602159608474,buy
2024-08-03,61498.34,62198.22,59850.0,60697.99,28034.71567,1415.94942775,0.40359485,0.00891966,15.66443427,7.9e-07,-0.013099436128860992,0.9705575313665956,0.011735506978830459,buy
2024-08-04,60697.99,61117.63,57122.77,58161.0,31616.52003,564.39892127,0.398222,0.00914989,11.23401832,5.7e-07,-0.04269555681819708,0.9823871077734521,0.016232328245567914,buy
2024-08-05,58161.0,58305.59,49000.0,54018.81,162065.59186,3530.30856563,0.18234676,0.0039362,25.95302235,1.32e-06,-0.07388270778154322,0.9773003398868627,0.02266443586207329,buy
2024-08-06,54018.82,57040.99,53950.0,56022.01,55884.77676,-1734.91245565,0.33983069,-0.00076065,5.99681342,3e-07,0.03641232998749407,0.9748457779003105,0.01271035856408397,buy
2024-08-07,56022.0,57736.05,54558.62,55134.16,44269.37684,337.54517381,0.47354077,0.0002117,18.18704194,9.2e-07,-0.015975161468007117,0.9210280613859787,0.07782785910146549,buy
2024-08-08,55133.76,62745.14,54730.0,61685.99,48349.52949,1256.58499214,0.37304556,0.0018782,7.97991131,4e-07,0.11228735091416127,0.8419702790818546,0.15802972091796127,buy
2024-08-09,61686.0,61744.37,59535.0,60837.99,30972.48017,621.12829403,0.43757124,0.00358363,10.49821654,5.3e-07,-0.013842409307287744,0.8974996624935623,0.0967335038123707,buy
2024-08-10,60837.99,61470.58,60242.0,60923.51,9995.20621,803.76712412,0.46540828,-0.00122517,30.81895732,1.56e-06,0.001404713543484379,0.7798827110507055,0.2175314131098949,buy
2024-08-11,60923.51,61858.0,58286.73,58712.59,19189.84512,-209.76123759,0.59378404,0.00132582,4.93236749,2.5e-07,-0.036964958668207114,0.37558378642583545,0.6244161585940224,sell
2024-08-12,58712.59,60711.09,57642.21,59346.64,37009.91743,2955.17262502,0.38541152,0.00441982,8.7605715,4.4e-07,0.010741321896940523,0.9208954895763148,0.07134833241651732,buy
2024-08-13,59346.64,61578.1,58392.88,60587.15,27858.95851,-1381.02133399,0.40616977,0.00058268,7.94826219,4e-07,0.020687318243458014,0.9707174967632629,0.021303072108051307,buy
2024-08-14,60587.16,61800.0,58433.18,58683.39,28422.76326,-1903.88276916,0.37272495,-0.00496701,5.75265337,2.9e-07,-0.031926101818424826,0.9803140934669115,0.017024348020000638,buy
2024-08-15,58683.39,59849.38,56078.54,57541.06,37686.17622,-4797.99212069,0.37976769,-0.00378119,10.60503235,5.4e-07,-0.019657942646201854,0.9556345199163077,0.04422104410729308,buy
2024-08-16,57541.05,59817.76,57098.62,58874.6,27610.84344,-3604.66218108,0.43123671,-0.00392173,8.31234343,4.2e-07,0.022910978337253942,0.9505688319729255,0.04892743283023929,buy
2024-08-17,58874.59,59700.0,58785.05,59491.99,7721.72931,942.91913181,0.40731235,0.00262391,5.83515634,3e-07,0.010431923382209742,0.9681866906414647,0.017420038004099123,buy
2024-08-18,59491.99,60284.99,58408.92,58427.35,13634.85717,474.66208413,0.47349646,-0.00136386,7.24945856,3.7e-07,-0.018057579517003593,0.9610583979575333,0.0373041389870776,buy
2024-08-19,58427.35,59617.63,57787.3,59438.5,22809.31251,-330.4269981,0.35763725,-0.00493004,8.89059974,4.5e-07,0.017158062435947308,0.9172332764998308,0.006138536547857308,buy
2024-08-20,59438.5,61400.0,58548.23,59013.8,31477.44548,-397.12763523,0.36859454,-0.00149061,8.83309673,4.5e-07,-0.007170849698593443,0.9065306350709192,0.005603423236259621,buy
2024-08-21,59013.8,61820.93,58783.47,61156.03,27983.6422,-3054.14691136,0.34290934,-0.00180085,11.27378883,5.7e-07,0.03565715238614722,0.9696320198784144,0.009659146043176504,buy
2024-08-22,61156.03,61400.0,59724.87,60375.84,21241.20588,-275.93798191,0.33170752,-0.00371844,8.42644156,4.3e-07,-0.012839442327577983,0.8679355563232588,0.003921688560306455,buy
2024-08-23,60375.83,64955.0,60342.14,64037.24,38118.07089,-3825.57607806,0.30017241,-0.00215771,10.44553187,5.3e-07,0.05887576421662603,0.9841972837449552,0.014719309979241533,buy
2024-08-24,64037.24,64494.5,63531.0,64157.01,15857.15616,472.28086921,0.37265453,0.0022521,6.60502858,3.3e-07,0.0018685710918962383,0.9317739017495538,0.006429399657048342,buy
2024-08-25,64157.02,65000.0,63773.27,64220.0,12305.47977,-952.39933756,0.43957025,0.00025037,5.12413972,2.6e-07,0.0009813284334161388,0.9730266607837376,0.01948129589036333,buy
2024-08-26,64219.99,64481.0,62800.0,62834.0,19470.05276,516.27063041,0.39763355,0.00118187,7.71932,3.9e-07,-0.021818360418123024,0.9740506654490806,0.011436162488251876,buy
2024-08-27,62834.0,63212.0,58034.01,59415.0,35135.94178,805.48974923,0.3892814,0.00467552,18.28622607,9.3e-07,-0.05594960850125526,0.9824918184147093,0.017191793419167607,buy
2024-08-28,59415.0,60234.98,57860.0,59034.9,36868.54275,1066.78840426,0.36960329,-0.00165018,6.82081171,3.5e-07,-0.006417925294743356,0.8965433947874494,0.00572239543415359,buy
2024-08-29,59034.9,61166.99,58713.09,59359.01,27020.90743,-1988.27951749,0.364834,3.85e-06,52.59967955,2.66e-06,0.005475126375226921,0.8659192895448,0.008321012281369734,buy
2024-08-30,59359.0,59944.07,57701.1,59123.99,28519.32195,495.58859329,0.34287504,0.00126901,7.00585168,3.5e-07,-0.003967156608714223,0.7231945745292713,0.02979378093019532,buy
2024-08-31,59123.99,59462.38,58744.0,58973.99,8798.409,2358.19107795,0.59094385,0.00277118,17.84140963,9e-07,-0.00254026496747557,0.22684278831001142,0.7731558852859183,sell
2024-09-01,58974.0,59076.59,57201.0,57301.86,20705.15741,-111.94288467,0.45081527,-0.00178571,2.84128775,1.4e-07,-0.028763415319443375,0.4065655925108103,0.5928981827610843,buy
2024-09-02,57301.77,59425.69,57128.0,59132.13,22895.01461,-524.69371451,0.57488389,0.00123428,5.5503291,2.8e-07,0.03144134758080365,0.21191781455575728,0.7880819993749485,sell
2024-09-03,59132.12,59809.65,57415.0,57487.73,22828.18447,1269.44875221,0.50305341,0.00363095,8.64115187,4.4e-07,-0.028202897779850595,0.5732268277666516,0.4266733571675395,buy
2024-09-04,57487.74,58519.0,55606.0,57970.9,35560.82146,-815.96444847,0.38111157,0.00186083,10.64482907,5.4e-07,0.008369626775024829,0.9184819180965118,0.04352475176989656,buy
2024-09-05,57970.9,58327.07,55643.65,56180.0,27806.91413,2387.98890491,0.42585741,0.00422227,7.57570691,3.8e-07,-0.03138033882672037,0.9667398673604986,0.030681862483761896,buy
2024-09-06,56180.0,57008.0,52550.0,53962.97,54447.76826,3469.95713132,0.40538778,0.00076162,13.60136322,6.9e-07,-0.040262751080288636,0.9720862001691205,0.026891436746571493,buy
2024-09-07,53962.97,54850.0,53745.54,54160.86,16694.04774,-553.59430055,0.41063829,-0.00454286,4.07675251,2.1e-07,0.0036604367595428834,0.968141559397843,0.015151907988293406,buy
2024-09-08,54160.86,55318.0,53629.01,54869.95,16274.14779,-1100.06921379,0.4380148,-0.0049578,3.46620308,1.8e-07,0.01300733247035669,0.9661325713630315,0.02968344492442758,buy
2024-09-09,54869.95,58088.0,54591.96,57042.0,32384.51737,-3295.34666093,0.44563265,-0.00807956,13.09923956,6.6e-07,0.03882199877924005,0.9410741981655275,0.05878366958827389,buy
2024-09-10,57042.01,58044.36,56386.4,57635.99,23626.78126,-1736.52490795,0.33749452,-0.00334069,7.33511839,3.7e-07,0.010359360363052208,0.9020060369493661,0.00841200517082145,buy
2024-09-11,57635.99,57981.71,55545.19,57338.0,33026.56757,-1885.71684252,0.40627184,-0.00381406,5.44554657,2.8e-07,-0.005183618786241656,0.959643350497127,0.02451365338071895,buy
2024-09-12,57338.0,58588.0,57324.0,58132.32,31074.40631,-1485.88088412,0.411959,-0.00210093,5.90284499,3e-07,0.013758211280425158,0.897184011110189,0.09030527357010369,buy
2024-09-13,58132.31,60625.0,57632.62,60498.0,29825.23333,-4495.35681723,0.53697944,-0.00246639,13.23430415,6.7e-07,0.039888515176949337,0.43711708608905575,0.5628828375350152,buy
2024-09-14,60497.99,60610.45,59400.0,59993.03,12137.90901,-1438.30266255,0.43571067,-0.00170848,4.53486506,2.3e-07,-0.008381917831569096,0.7834223541753577,0.2135952702113372,buy
2024-09-15,59993.02,60395.8,58691.05,59132.0,13757.92361,473.86035709,0.52439132,0.00109424,7.66145964,3.9e-07,-0.014456155768720775,0.7865850933263712,0.21332281523762736,buy
2024-09-16,59132.0,59210.7,57493.3,58213.99,26477.5642,2459.45634116,0.38073354,0.00545795,13.56547996,6.9e-07,-0.01564652918074257,0.9513138579913356,0.026304871593396756,buy
2024-09-17,58213.99,61320.0,57610.01,60313.99,33116.25878,-1235.20617612,0.36589442,0.00386816,8.35766405,4.2e-07,0.035438379599161005,0.9793771101586978,0.012287354460995839,buy
2024-09-18,60313.99,61786.24,59174.8,61759.99,36087.02469,273.29075103,0.47424233,0.00226758,13.96201095,7.1e-07,0.023691660342147144,0.9599817313400422,0.03921435329605247,buy
2024-09-19,61759.98,63850.0,61555.0,62947.99,34332.52608,-933.77517564,0.35972069,0.00415516,9.36173114,4.7e-07,0.01905308607791393,0.8905021061321992,0.006689776350048255,buy
2024-09-20,62948.0,64133.32,62350.0,63201.05,25466.37794,590.37456266,0.31755035,0.0044297,14.38276984,7.3e-07,0.004012085061529829,0.7437117813956546,0.002786812757525331,buy
2024-09-21,63201.05,63559.9,62758.0,63348.96,8375.34608,1505.6160566,0.41751975,0.00856895,9.57819962,4.8e-07,0.0023375749611005414,0.9414200618057063,0.02486615148561386,buy
2024-09-22,63348.97,64000.0,62357.93,63578.76,14242.19892,653.63753357,0.51422711,0.00734828,8.35592809,4.2e-07,0.0036209624041565595,0.8980203362427078,0.101676670868333,buy
2024-09-23,63578.76,64745.88,62538.75,63339.99,24078.05287,2681.77483234,0.36223544,0.00439651,14.96787395,7.6e-07,-0.0037625690717466927,0.9300877816851975,0.03361649654128385,buy
2024-09-24,63339.99,64688.0,62700.0,64262.7,23185.04759,-4341.15032876,0.49457889,0.0014084,8.40163237,4.3e-07,0.01446248637939056,0.8008435395556407,0.1991450256991451,buy
2024-09-25,64262.7,64817.99,62947.08,63152.01,17813.11168,-1261.57168798,0.45164993,0.00147139,15.04296185,7.6e-07,-0.017434692343162504,0.9235293695015918,0.07540008211549744,buy
2024-09-26,63152.01,65839.0,62670.0,65173.99,28373.30593,-1865.4196432,0.40007914,0.00694234,19.25730427,9.7e-07,0.03151578569135097,0.9729142464518304,0.023569714899851296,buy
2024-09-27,65173.99,66498.0,64819.9,65769.95,22048.80487,-2461.6776278,0.37834643,0.00517166,10.44288353,5.3e-07,0.009102584128001627,0.9662343803084865,0.012225716929163515,buy
2024-09-28,65769.95,66260.0,65422.23,65858.0,9127.23316,642.98624582,0.39428867,0.00538939,10.32185669,5.2e-07,0.0013378619530761801,0.9469208689805425,0.015827997718523307,buy
2024-09-29,65858.0,66076.12,65432.0,65602.01,8337.74111,275.59467207,0.5208514,0.00489623,6.84492437,3.5e-07,-0.003894573316477157,0.8940717190511214,0.10572683608010887,buy
2024-09-30,65602.01,65618.8,62856.3,63327.59,30011.08752,2538.6251728,0.32065156,0.00748511,8.55938467,4.3e-07,-0.03528524055475455,0.9556280498720358,0.022611233816753815,buy
2024-10-01,63327.6,64130.63,60164.0,60805.78,43671.48108,5088.86104738,0.41207503,0.00928699,5.63972312,2.9e-07,-0.04063624492665931,0.8965265226476301,0.10328011416034572,buy
2024-10-02,60804.92,62390.31,60000.0,60649.28,31534.70118,1346.07480053,0.53284627,0.0068861,7.68001093,3.9e-07,-0.002577086316775542,0.8139339462317172,0.18598411534182135,buy
2024-10-03,60649.27,61477.19,59828.11,60752.71,26221.43472,1404.20232789,0.38933325,0.0061295,8.84788121,4.5e-07,0.001703926352847916,0.9448023919474188,0.024933942709101327,buy
2024-10-04,60752.72,62484.85,60459.9,62086.0,21294.65994,-932.51559904,0.43876842,0.00173988,11.15438067,5.6e-07,0.02170883041003728,0.9666185880360413,0.03055967672326432,buy
2024-10-05,62086.0,62370.56,61689.26,62058.0,7807.46141,-1160.56050782,0.44609239,0.00068476,7.19105791,3.6e-07,-0.00045108906551724495,0.9539797652258128,0.04276255694369293,buy
2024-10-06,62058.01,62975.0,61798.97,62819.91,8906.86177,-1448.91884171,0.49572857,0.00279905,5.87251097,3e-07,0.012202629820996201,0.9136815779492635,0.08609101485553304,buy
2024-10-07,62819.91,64478.19,62128.0,62224.0,25966.1852,-2727.74101321,0.40315911,0.00138739,6.95550887,3.5e-07,-0.009531284031326389,0.9643205266465319,0.027427837103855893,buy
2024-10-08,62224.01,63200.0,61860.31,62160.49,19702.22371,1358.80747864,0.31444919,0.00664023,77.77596166,3.94e-06,-0.0010211885021863328,0.8129945693847197,0.004246331775605998,buy
2024-10-09,62160.5,62543.75,60301.0,60636.02,20011.15684,1932.85408816,0.42865779,0.00719181,14.01194674,7.1e-07,-0.024830482976427176,0.947849142714022,0.043030455378223635,buy
2024-10-10,60636.01,61321.68,58946.0,60326.39,23967.92481,1393.00170256,0.49536216,0.00463785,13.48159684,6.8e-07,-0.005119452832531935,0.8591170235434964,0.1403459675672861,buy
2024-10-11,60326.4,63417.56,60087.64,62540.0,23641.35209,-4015.70844158,0.47908185,-0.00095354,46.12115389,2.33e-06,0.03603669892744918,0.8002414399984785,0.19974862599659768,buy
2024-10-12,62539.99,63480.0,62487.23,63206.22,10911.30116,-1583.0386981,0.40118316,0.00269066,19.12113937,9.7e-07,0.010596362001929363,0.9509918146674234,0.03530937583972786,buy
2024-10-13,63206.23,63285.72,62050.0,62870.02,11909.21995,-410.33787493,0.43919481,0.003022,17.64483393,8.9e-07,-0.0053332935199566596,0.9727364945298439,0.02130008428259385,buy
2024-10-14,62870.02,66500.0,62457.81,66083.99,37669.95222,1028.66608116,0.30512574,0.00858316,16.5465819,8.4e-07,0.04985708823410627,0.9924250503857692,0.004940215430312595,buy
2024-10-15,66084.0,67950.0,64800.01,67074.14,43683.95423,-2590.45986999,0.2832643,0.00964031,31.63310145,1.6e-06,0.014872066015212413,0.8504815742455293,0.004223880845750716,buy
2024-10-16,67074.14,68424.0,66750.49,67620.01,29938.25544,-151.58185595,0.4535619,0.00969319,11.91789438,6e-07,0.008105370403983361,0.967977360852947,0.023516616045112605,buy
2024-10-17,67620.0,67939.4,66666.0,67421.78,25328.22861,3309.32447235,0.31592485,0.00995509,17.50403316,8.9e-07,-0.0029358340463448997,0.9447635975017831,0.0055704788020040355,buy
2024-10-18,67421.78,69000.0,67192.36,68428.0,28725.635,-3150.30083072,0.40792188,0.01,18.69514447,9.5e-07,0.014813986471420449,0.9742632274816754,0.019361473009672073,buy
2024-10-19,68427.99,68693.26,68010.0,68378.0,8193.66737,618.97656384,0.36095875,0.01,28.63089895,1.45e-06,-0.0007309621248523259,0.9067787931788941,0.005788862543756654,buy
2024-10-20,68377.99,69400.0,68100.0,69031.99,12442.47378,-109.75615498,0.44914292,0.01,51.54420426,2.61e-06,0.00951888488044817,0.9679225893203915,0.021419889953111705,buy
2024-10-21,69032.0,69519.52,66840.67,67377.5,31374.42184,1853.57400766,0.29305601,0.01,39.79151891,2.01e-06,-0.02425888605349007,0.874571836365901,0.007197391999008304,buy
2024-10-22,67377.5,67836.01,66571.42,67426.0,24598.96268,1503.69739776,0.50536838,0.01,11.4487165,5.8e-07,0.0007195659176902162,0.8982260885715403,0.10123185074151053,buy
2024-10-23,67426.01,67472.83,65260.0,66668.65,25530.2407,1821.64818442,0.45217246,0.01,14.92850967,7.6e-07,-0.01129587277243706,0.927072127099821,0.07006418137048118,buy
2024-10-24,66668.65,68850.0,66510.0,68198.28,22589.83877,-2119.5647771,0.48333625,0.01,10.59593681,5.4e-07,0.02268451715263484,0.8978106697647553,0.10203450258412877,buy
2024-10-25,68198.27,68771.49,65596.29,66698.33,34479.71125,-1040.35650022,0.41756825,0.00929641,16.84781127,8.5e-07,-0.022239429463163648,0.9469359002632836,0.04844536151598791,buy
2024-10-26,66698.32,67454.55,66439.9,67092.76,11842.9077,870.97296202,0.39593168,0.00926038,13.12058278,6.6e-07,0.005896224370562871,0.859106117910976,0.09874350823160158,buy
2024-10-27,67092.76,68332.05,66913.73,68021.7,8653.19592,1658.54757451,0.65703742,0.00974044,14.60301574,7.4e-07,0.013750632418520554,0.0728598589891109,0.9271401393586557,sell
2024-10-28,68021.69,70270.0,67618.0,69962.21,29046.75459,-1054.03032894,0.35061797,0.00980794,13.82092344,7e-07,0.02812846721520796,0.9140308658852785,0.059308479251333805,buy
2024-10-29,69962.21,73620.12,69760.0,72736.42,50128.60594,2959.34086137,0.29940432,0.01,17.38073914,8.8e-07,0.03888698282937757,0.9905238271385506,0.007090684447625969,buy
2024-10-30,72736.41,72961.0,71436.0,72344.74,26885.99056,-2097.78222153,0.32836502,0.01,12.39699224,6.3e-07,-0.005399473668343945,0.9152882755327816,0.00704977073711043,buy
2024-10-31,72344.75,72700.0,69685.76,70292.01,29352.10297,3666.52717481,0.43687225,0.01,12.61858059,6.4e-07,-0.02878461169591104,0.948511122395514,0.05016852722044902,buy
2024-11-01,70292.01,71632.95,68820.14,69496.01,38301.86755,2915.91210031,0.4791195,0.01,17.11663137,8.7e-07,-0.011388795745506882,0.9241065208043603,0.07534559360336811,buy
2024-11-02,69496.0,69914.37,69000.14,69374.74,10521.67243,-411.33578081,0.43784426,0.01,22.07269509,1.12e-06,-0.0017465165389545408,0.955340639983494,0.03858148992552285,buy
2024-11-03,69374.74,69391.0,67478.73,68775.99,24995.70243,2410.48390942,0.47982156,0.01,14.7914756,7.5e-07,-0.008668122839253566,0.9409366085610426,0.058228370945060316,buy
2024-11-04,68775.99,69500.0,66835.0,67850.01,29800.39187,3701.98893443,0.36740548,0.01,16.28085517,8.2e-07,-0.013555167807772158,0.9645598219088903,0.017339188047335738,buy
2024-11-05,67850.01,70577.91,67476.63,69372.01,33355.06888,452.34669744,0.34267328,0.00994144,15.15198896,7.7e-07,0.02218393837390412,0.8925418376154047,0.03475965858890895,buy
2024-11-06,69372.01,76400.0,69298.0,75571.99,104126.994787,-9474.73355051,0.1670362,0.00998148,47.2008957,2.39e-06,0.08560223984821512,0.3372326631320431,0.6627673337554402,sell
2024-11-07,75571.99,76849.99,74416.0,75857.89,44869.422345,-4389.28214536,0.21100569,0.01,14.72810296,7.4e-07,0.0037760095920657505,0.8355814904913879,0.0916344669013419,buy
2024-11-08,75857.89,77199.99,75555.0,76509.78,36521.099583,-6718.13685856,0.31295432,0.01,20.68111269,1.05e-06,0.00855685431952021,0.9222788414370496,0.07695391648246956,buy
2024-11-09,76509.78,76900.0,75714.66,76677.46,16942.07915,594.74465322,0.33284589,0.01,8.87298237,4.5e-07,0.0021892171563324633,0.8466193116573085,0.00520133197263826,buy
2024-11-10,76677.46,81500.0,76492.0,80370.01,61830.100435,1909.95284305,0.25767235,0.02005148,16.28276255,8.2e-07,0.04703330369431591,0.9926884294962013,0.0037825042410796253,buy
2024-11-11,80370.01,89530.54,80216.01,88647.99,82323.665776,-320.65420712,0.20788329,0.0161102,23.35723655,1.18e-06,0.09803226217915882,0.9878328327002524,0.012167131182290904,buy
2024-11-12,88648.0,89940.0,85072.0,87952.01,97299.887911,1921.30429905,0.28061078,0.04343256,25.57432877,1.29e-06,-0.007882034011635572,0.6574321214157285,0.001864372831823777,buy
2024-11-13,87952.0,93265.64,86127.99,90375.2,86763.854127,-2180.34632901,0.284795,0.01385577,29.15225506,1.47e-06,0.027178568661184198,0.7347395805787329,0.0033071739214399123,buy
2024-11-14,90375.21,91790.0,86668.21,87325.59,56729.51086,2664.09284299,0.27538514,0.01,51.91630557,2.62e-06,-0.03432634643790914,0.8803870051324167,0.004302434091810559,buy
2024-11-15,87325.59,91850.0,87073.38,91032.07,47927.95068,-530.31967737,0.31980743,0.01129106,50.58101568,2.56e-06,0.041568314974823425,0.9584439888288219,0.00451494239973643,buy
2024-11-16,91032.08,91779.66,90056.17,90586.92,22717.87689,1704.75840856,0.36563139,0.01197493,19.51240465,9.9e-07,-0.004902030249246929,0.8224688064611285,0.004438943821226932,buy
2024-11-17,90587.98,91449.99,88722.0,89855.99,23867.55609,1413.47646919,0.30243057,0.01235219,20.52231981,1.04e-06,-0.008101554091419313,0.6355501286902803,0.0027000501579274635,buy
2024-11-18,89855.98,92594.0,89376.9,90464.08,46545.03448,621.98333857,0.37859519,0.02669843,18.60476963,9.4e-07,0.006744588166355547,0.7852536351299049,0.04209094431215019,buy
2024-11-19,90464.07,93905.51,90357.0,92310.79,43660.04682,-8807.97569025,0.41283496,0.02225066,38.87598294,1.96e-06,0.02020817024435305,0.40964029845777095,0.5903596680178763,buy
2024-11-20,92310.8,94831.97,91500.0,94286.56,42203.198712,-6786.88106031,0.27403222,0.01,32.65917852,1.65e-06,0.021177619537080205,0.7725126916417852,0.22679753842129638,buy
2024-11-21,94286.56,98988.0,94040.0,98317.12,69228.360477,-1916.76859894,0.2228616,0.01,36.51899065,1.85e-06,0.04185951709945262,0.9397040013122615,0.01501412040672956,buy
2024-11-22,98317.12,99588.01,97122.11,98892.0,46189.309243,-6162.66760414,0.23897826,0.01122,34.81506208,1.76e-06,0.005830172847894076,0.9626226083885366,0.027150475941511862,buy
2024-11-23,98892.0,98908.85,97136.0,97672.4,24757.84367,1285.2399553,0.34163418,0.01,26.09609685,1.32e-06,-0.012409323871574746,0.827785666151911,0.0042943094633175,buy
2024-11-24,97672.4,98564.0,95734.77,97900.04,31200.97838,686.84826659,0.35021866,0.02069714,19.85887156,1e-06,0.002327936418892903,0.826286232446692,0.004395742250382518,buy
2024-11-25,97900.05,98871.8,92600.19,93010.01,50847.45096,2830.33767464,0.38007635,0.01702928,26.55529913,1.34e-06,-0.051239836346874276,0.972672583333334,0.02572188304745272,buy
2024-11-26,93010.01,94973.37,90791.1,91965.16,57858.73138,2711.4582221,0.37453436,0.02708234,41.91893448,2.12e-06,-0.011297312096130885,0.914522780146263,0.053231475329306895,buy
2024-11-27,91965.16,97208.21,91792.14,95863.11,41153.42734,-6010.32059178,0.51165063,0.01568009,39.05041805,1.97e-06,0.04151142667791282,0.4755333771523064,0.524466577151553,buy
2024-11-28,95863.11,96564.0,94640.0,95643.98,28814.54357,-814.44801694,0.36696204,0.01470721,45.31591541,2.29e-06,-0.002288480239917697,0.8940502314762452,0.04278357149936897,buy
2024-11-29,95643.99,98619.99,95364.99,97460.0,27701.78231,-3321.89609045,0.38629391,0.01584249,19.29920303,9.8e-07,0.01880928130380514,0.9626111474443579,0.030461643859026225,buy
2024-11-30,97460.0,97463.95,96092.01,96407.99,14503.83306,-251.44167519,0.46600199,0.01417358,14.38200934,7.3e-07,-0.010852955416106586,0.9416974502283131,0.05668160538851678,buy
2024-12-01,96407.99,97836.0,95693.88,97185.18,16938.60452,-632.36852215,0.50475602,0.01684713,17.85010912,9e-07,0.008029148706736931,0.9096849687779426,0.08976696223401887,buy
2024-12-02,97185.17,98130.0,94395.0,95840.62,37958.66981,362.96256428,0.32137505,0.02002325,33.12623444,1.67e-06,-0.013931627244584067,0.8104530059488338,0.005715854624303632,buy
2024-12-03,95840.61,96305.52,93578.17,95849.69,35827.32283,2540.4339111,0.38695214,0.01912431,49.61832971,2.51e-06,9.463180488125695e-05,0.9192028346984126,0.008664003881466478,buy
2024-12-04,95849.69,99000.0,94587.83,98587.32,43850.53728,-4340.24683814,0.24628163,0.025237,20.10483877,1.02e-06,0.028161417666881416,0.8393442639877639,0.007694033130601697,buy
2024-12-05,98587.32,104088.0,90500.0,96945.63,109921.729662,281.37838463,0.21988559,0.04816626,41.542707,2.1e-06,-0.01679234704122157,0.5424993049218761,0.0015590483394070968,buy
2024-12-06,96945.63,101898.99,95981.72,99740.84,45049.5331,-226.21197636,0.37520219,0.01618439,44.37033547,2.24e-06,0.028424916087496886,0.9340946837550886,0.01271219476557224,buy
2024-12-07,99740.84,100439.18,98844.0,99831.99,14931.9459,2392.37844983,0.4863419,0.01773636,19.25788933,9.7e-07,0.0009134510578209996,0.9435314671656194,0.05565123254237854,buy
2024-12-08,99831.99,101351.0,98657.7,101109.59,14612.99688,395.8536132,0.3845061,0.01828171,20.47342734,1.03e-06,0.012716305068205409,0.9596281891567953,0.01075796854163382,buy
2024-12-09,101109.6,101215.93,94150.05,97276.47,53949.11595,-2307.60446325,0.37402575,0.01773352,46.94384968,2.37e-06,-0.03864784755258232,0.9839967265725407,0.015168391244788582,buy
2024-12-10,97276.48,98270.0,94256.54,96593.0,51708.68933,-649.85290285,0.38241205,0.01,17.49508445,8.8e-07,-0.007050855728157901,0.9539432566008194,0.009489911874828975,buy
2024-12-11,96593.0,101888.0,95658.24,101125.0,37753.78291,-3284.39019846,0.41176006,0.01,38.56523316,1.95e-06,0.04585110055392514,0.9666942264479786,0.032999404295130624,buy
2024-12-12,101125.0,102540.0,99311.64,100004.29,29232.08745,-2385.94116395,0.29656399,0.01,15.57896825,7.9e-07,-0.011144290310743151,0.9026124353492906,0.007330635264047408,buy
2024-12-13,100004.29,101895.26,99205.0,101424.25,21904.03923,-5503.90825235,0.36555566,0.00960686,25.83183789,1.3e-06,0.014099129370686553,0.9626101957003715,0.03615415568701293,buy
2024-12-14,101424.24,102650.0,100609.41,101420.0,14191.70326,577.2062092,0.37758748,0.00984632,21.67726243,1.1e-06,-4.190407172619906e-05,0.9382934519850407,0.008755241040543081,buy
2024-12-15,101420.0,105250.0,101237.14,104463.99,22228.921775,1440.72256397,0.43344718,0.00929956,24.80224557,1.25e-06,0.02957210835064263,0.9751717779461322,0.02374836216441846,buy
2024-12-16,104463.99,107793.07,103333.0,106058.66,41302.40274,-5813.03210557,0.32335246,0.00962975,30.92557632,1.56e-06,0.015149918553743596,0.9663117630423564,0.030946889903354688,buy
2024-12-17,106058.65,108353.0,105321.49,106133.74,29064.936466,-1000.01765786,0.32017021,0.00978519,33.19017627,1.68e-06,0.0007076596818099129,0.8201817516587329,0.004899413365538987,buy
2024-12-18,106133.74,106524.98,100000.0,100204.01,50307.99755,281.84498327,0.392196,0.00971814,37.51232787,1.89e-06,-0.057491789143001994,0.9651043075484492,0.03469539160643134,buy
2024-12-19,100204.01,102800.11,95700.0,97461.86,55147.398,5279.56421349,0.4522428,0.01,50.91549419,2.57e-06,-0.02774708582409932,0.9156419058430134,0.08425977158132493,buy
2024-12-20,97461.86,98233.0,92232.54,97805.44,62884.1357,3932.10342203,0.32791375,0.01,35.81690292,1.81e-06,0.003519077229743537,0.9721455866345683,0.010675914306684462,buy
2024-12-21,97805.44,99540.61,96398.39,97291.99,23483.54143,-408.87676432,0.3938144,0.00767912,13.57187668,6.9e-07,-0.005263536125710258,0.9581828741399013,0.009267595350057426,buy
2024-12-22,97292.0,97448.08,94250.35,95186.27,19353.83036,1551.32286332,0.4311693,0.00964754,28.1748484,1.42e-06,-0.02188095438284901,0.9747375977880313,0.019712503268107272,buy
2024-12-23,95186.28,96538.92,92520.0,94881.47,32810.76703,2434.80321834,0.4321105,0.00945662,45.05749977,2.28e-06,-0.0032072803231183965,0.9732452043294763,0.021891881419068983,buy
2024-12-24,94881.47,99487.99,93569.02,98663.58,23674.22488,-477.55433205,0.42533836,0.00992539,66.9127447,3.38e-06,0.039087452998785556,0.9760918365328597,0.023317514046523245,buy
2024-12-25,98663.58,99569.15,97632.02,99429.6,14474.1651,236.48929993,0.43368587,0.00999985,12.28998926,6.2e-07,0.007733974670366026,0.9734132398948883,0.0197090987484509,buy
2024-12-26,99429.61,99963.7,95199.14,95791.6,21192.36727,342.68723719,0.41945535,0.00744029,21.04033997,1.06e-06,-0.03727485759295436,0.9750978718527767,0.023556587593470065,buy
2024-12-27,95791.6,97544.58,93500.01,94299.03,26501.26429,1513.47609576,0.42188435,0.01,43.22878437,2.18e-06,-0.01570409519397809,0.9546040867718436,0.03624452000761776,buy
2024-12-28,94299.03,95733.99,94135.66,95300.0,8385.8929,-1347.50345639,0.51267042,0.00782256,20.57356552,1.04e-06,0.010558907393903796,0.8493050350169613,0.1505956460917103,buy
2024-12-29,95300.0,95340.0,93009.52,93738.2,13576.00578,-1826.59530444,0.44651619,0.00714976,43.8975636,2.22e-06,-0.016524020398176582,0.8931026592573365,0.10599935899712123,buy
2024-12-30,93738.19,95024.5,91530.45,92792.05,27619.4225,2985.86712943,0.46890562,0.00850868,44.12170031,2.23e-06,-0.010144822242994745,0.8499417710144944,0.1492312132495539,buy
2024-12-31,92792.05,96250.0,92033.73,93576.0,19612.03389,-1270.02545022,0.43540976,0.01,43.86617646,2.22e-06,0.008412972329420844,0.7645180579868761,0.22964635122747445,buy
2025-01-01,93576.0,95151.15,92888.0,94591.79,10373.32613,2852.03033008,0.60809007,0.01,44.91945083,2.27e-06,0.010796745473918477,0.18177777825198924,0.8182221632689087,sell
2025-01-02,94591.78,97839.5,94392.0,96984.79,21970.48948,-1849.55472013,0.46204115,0.01,17.43634318,8.8e-07,0.02498347626229524,0.6574660448684745,0.3422057284161746,buy
2025-01-03,96984.79,98976.91,96100.01,98174.18,15253.82936,-2357.13877965,0.44166502,0.00838616,9.30803784,4.7e-07,0.012189085912690157,0.8652571538776426,0.1331981076504636,buy
2025-01-04,98174.17,98778.43,97514.79,98220.5,8990.05651,-99.4473675,0.42575467,0.00787185,11.67255847,5.9e-07,0.00047170321374159335,0.9092402787756498,0.07931878909947475,buy
2025-01-05,98220.51,98836.85,97276.79,98363.61,8095.63723,-123.23959669,0.54185072,0.00954159,9.84791312,5e-07,0.001455967374787927,0.7603952603719548,0.2395682370344746,buy
2025-01-06,98363.61,102480.0,97920.0,102235.6,25263.43375,-4588.11808754,0.35034963,0.00990739,13.01465221,6.6e-07,0.03860903512357024,0.8991789582031936,0.09994529225638267,buy
2025-01-07,102235.6,102724.38,96181.81,96954.61,32059.87537,-1028.09557735,0.45356641,0.00940999,40.93910987,2.07e-06,-0.05303702286757633,0.900193681564224,0.09979939707454225,buy
2025-01-08,96954.6,97268.65,92500.9,95060.61,33704.67894,605.80499692,0.43099323,0.01,12.6348771,6.4e-07,-0.019728242676769096,0.9295387967096002,0.06514028336848723,buy
2025-01-09,95060.61,95382.32,91203.67,92552.49,34544.83685,-336.85161433,0.44704756,0.00533136,9.40634437,4.7e-07,-0.026738745131460816,0.8312795999206569,0.1674001440761545,buy
2025-01-10,92552.49,95836.0,92206.02,94726.11,31482.86424,375.22090161,0.51416889,0.00361036,10.65207989,5.4e-07,0.02321373193383758,0.4380042133225554,0.5619489818569192,buy
2025-01-11,94726.1,95050.94,93831.73,94599.99,7047.9043,34.98064617,0.54550707,0.00559822,12.08605925,6.1e-07,-0.0013323046178590012,0.13716343163905126,0.8628267551400658,sell
2025-01-12,94599.99,95450.1,93711.19,94545.06,8606.86622,1925.62711656,0.75645363,0.00624479,9.26117618,4.7e-07,-0.0005808240981644022,0.00023322255894055958,0.9997667774408795,sell
2025-01-13,94545.07,95940.0,89256.69,94536.1,42619.56423,-295.87377677,0.39105165,0.00250128,10.37922627,5.2e-07,-9.477411717486941e-05,0.8733843104829863,0.08802975822276157,buy
2025-01-14,94536.11,97371.0,94346.22,96560.86,27846.61753,-1663.44071877,0.38373104,0.00867055,8.81037323,4.4e-07,0.021191710994825055,0.9641448441643415,0.017557400069650737,buy
2025-01-15,96560.85,100681.94,96500.0,100497.35,30509.99179,-2176.40511578,0.37358343,0.0054829,23.43172093,1.18e-06,0.03995787586321273,0.9838976034550135,0.012781339028378868,buy
2025-01-16,100497.35,100866.66,97335.13,99987.3,27832.85317,134.94720084,0.40282691,0.00625232,12.90104167,6.5e-07,-0.005088181069371945,0.9633846842778132,0.009300271791143663,buy
2025-01-17,99987.3,105865.22,99950.77,104077.48,39171.85292,-3718.43125266,0.28684661,0.00547632,15.45815926,7.8e-07,0.040092443843718385,0.9694197909458684,0.008488129161759965,buy
2025-01-18,104077.47,104988.88,102277.55,104556.23,24307.82998,1094.58912707,0.35381286,0.00988948,18.34344777,9.3e-07,0.004589391046213007,0.8657685480150921,0.003913045406303294,buy
2025-01-19,104556.23,106422.43,99651.6,101331.57,43397.28298,2436.27828229,0.32398674,0.01,14.07443805,7.1e-07,-0.0313270015419219,0.8727557755165487,0.004733497692202217,buy
2025-01-20,101331.57,109588.0,99550.0,102260.01,89520.716942,886.35578317,0.29613101,0.01,15.07889027,7.6e-07,0.009120676170877553,0.7289936248764314,0.0021337641189092304,buy
2025-01-21,102260.0,107240.81,100119.04,106143.82,45941.02002,-1385.69146598,0.40496156,0.01,20.03815502,1.01e-06,0.03727627951194209,0.9774571423545158,0.0176828736131554,buy
2025-01-22,106143.82,106394.46,103339.12,103706.66,22248.69254,-100.89088119,0.41021692,0.00990739,34.72884846,1.75e-06,-0.023228630058235156,0.9780025460671077,0.014210819505949417,buy
2025-01-23,103706.66,106850.0,101262.28,103910.34,53953.12031,-2066.0774809,0.39565832,0.00821958,116.40318551,5.87e-06,0.001962075026061362,0.9681719004361493,0.01721308021017422,buy
2025-01-24,103910.35,107120.0,102750.0,104870.5,23609.24017,-449.276973,0.42709756,0.00618014,11.52556325,5.8e-07,0.009197843721146091,0.93653551729316,0.05342838497710325,buy
2025-01-25,104870.51,105286.52,104106.09,104746.85,9068.32377,1383.71107116,0.55322507,0.00805683,13.68569413,6.9e-07,-0.0011797688916675218,0.7270446843589107,0.2729344136621657,buy
2025-01-26,104746.86,105500.0,102520.44,102620.0,9812.51238,52.95138611,0.45611909,0.00974278,11.95054039,6e-07,-0.02051364123722352,0.9120766508324777,0.08441015060704897,buy
2025-01-27,102620.01,103260.0,97777.77,102082.83,50758.1341,-90.03583191,0.33045556,0.00389689,17.55379662,8.9e-07,-0.005248302947392055,0.8102245106828351,0.005782874027655599,buy
2025-01-28,102082.83,103800.0,100272.68,101335.52,22022.05765,-809.80540136,0.39614845,0.00741807,17.18013769,8.7e-07,-0.00734755111376838,0.9371166185557464,0.009766518940160588,buy
2025-01-29,101335.52,104782.68,101328.01,103733.24,23155.35802,891.73344557,0.39291468,0.00977048,9.34946561,4.7e-07,0.023385612440133215,0.9689787431311867,0.011033793047906514,buy
2025-01-30,103733.25,106457.44,103278.54,104722.94,19374.07472,-1677.03148887,0.34898584,0.00759247,11.56337477,5.8e-07,0.009495592181071395,0.8723329901227083,0.03265293708350071,buy
2025-01-31,104722.94,106012.0,101560.0,102429.56,21983.18193,1300.29561591,0.51529872,0.00881768,10.57560017,5.3e-07,-0.022142853251164527,0.5001281468299311,0.4997324894717198,buy
2025-02-01,102429.56,102783.71,100279.51,100635.65,12290.95747,-1742.50115452,0.60827025,0.00619094,14.55109922,7.3e-07,-0.017668774175154188,0.17988708252443142,0.8201128979114871,sell
2025-02-02,100635.66,101456.6,96150.0,97700.59,34619.49939,2553.33548962,0.42436294,0.00425633,11.36086878,5.7e-07,-0.029598970722466058,0.8335467809789532,0.1638858200262577,buy
2025-02-03,97700.59,102500.01,91231.0,101328.52,75164.7385,563.37610074,0.28569553,0.00701045,15.10641415,7.6e-07,0.03646031368487303,0.9619308082874013,0.012529216909342503,buy
2025-02-04,101328.51,101732.31,96150.0,97763.13,40267.98697,-626.37825694,0.43993622,0.00542991,35.57793351,1.8e-06,-0.03582039951426249,0.9396687474683938,0.05984700202441096,buy
2025-02-05,97763.14,99149.0,96155.0,96612.43,26233.30444,-1355.31666925,0.46703209,0.00116965,51.46860085,2.6e-06,-0.011840104206887518,0.8397823410445467,0.15942326070669105,buy
2025-02-06,96612.44,99120.0,95676.64,96554.35,23515.20405,-598.57986251,0.55682448,0.00365614,37.8877233,1.91e-06,-0.0006013456532248081,0.6240306110949475,0.3759585139627073,buy
2025-02-07,96554.35,100137.99,95620.34,96506.8,31794.22065,-286.3365231,0.41818582,0.00463224,14.14136837,7.1e-07,-0.0004925900520273397,0.829392454917113,0.1566158244723256,buy
2025-02-08,96506.8,96880.0,95688.0,96444.74,10147.24294,1000.75224264,0.53678636,0.00099628,13.09205092,6.6e-07,-0.0006432703479849328,0.677617593218009,0.32232855462561305,buy
2025-02-09,96444.75,97323.09,94713.0,96462.75,14120.91613,272.7092714,0.47579302,0.00541673,104.09528976,5.25e-06,0.00018672162550374357,0.7677390342341979,0.23105598912953854,buy
2025-02-10,96462.75,98345.0,95256.0,97430.82,20572.87537,-1192.96791623,0.52825192,0.00741943,13.62908155,6.9e-07,0.009985664239646478,0.7288495120333313,0.2711101671926335,buy
2025-02-11,97430.82,98478.42,94876.88,95778.2,18647.76379,1185.15101285,0.41845738,0.00333522,40.37595239,2.04e-06,-0.017107486030289196,0.9200662802818701,0.07033446103545078,buy
2025-02-12,95778.21,98119.99,94088.23,97869.99,29151.16625,-89.04148878,0.44043792,0.00649812,13.85630304,7e-07,0.021604863590941464,0.9078087600428255,0.08949461383815015,buy
2025-02-13,97870.0,98083.91,95217.36,96608.14,19921.77616,2136.31719093,0.5068614,0.00404799,10.15752196,5.1e-07,-0.012976962582638805,0.7231125664228133,0.2766897808824438,buy
2025-02-14,96608.13,98826.0,96252.82,97500.48,18173.02646,-2289.34886737,0.46901743,0.00530908,13.29956827,6.7e-07,0.009194298389878524,0.6248820819392051,0.37467222706636166,buy
2025-02-15,97500.47,97972.26,97223.58,97569.66,7349.37683,-109.98122646,0.50759851,0.00334311,8.35670114,4.2e-07,0.0007092833675137415,0.36825071906375223,0.631563940324129,sell
2025-02-16,97569.67,97704.47,96046.18,96118.12,8191.4249,-34.37339924,0.62058026,0.0024217,5.96977174,3e-07,-0.014988732643856638,0.0426396494612298,0.9573603389194572,sell
2025-02-17,96118.12,97046.59,95205.0,95780.0,16492.0451,1231.95052124,0.54403933,0.00518144,9.36154899,4.7e-07,-0.0035239568777999416,0.20440124475554333,0.7955880630569557,sell
2025-02-18,95780.01,96753.91,93388.09,95671.74,23368.19471,1464.96089539,0.49087542,0.00853004,13.41059542,6.8e-07,-0.001130937870179614,0.612631245675986,0.3869350218372437,buy
2025-02-19,95671.74,96899.99,95029.99,96644.37,16438.50954,226.5437733,0.46265236,0.00719258,7.96437618,4e-07,0.010114995490717066,0.8621621966666536,0.13606663797006047,buy
2025-02-20,96644.37,98711.36,96415.09,98305.0,17057.39177,-3089.36063102,0.40713635,0.00457054,8.66484721,4.4e-07,0.017036938024453396,0.9388264020874585,0.05833034267058128,buy
2025-02-21,98305.01,99475.0,94871.95,96181.98,32249.2814,3926.11363535,0.44591141,0.00316555,9.80557725,4.9e-07,-0.021832868521335577,0.9330824606939334,0.06604499374403716,buy
2025-02-22,96181.99,96980.0,95770.49,96551.01,11268.17708,2320.83875714,0.37501742,0.00612446,7.32537815,3.7e-07,0.0038294476827775473,0.9124042462542192,0.05498059626219721,buy
2025-02-23,96551.01,96650.0,95227.94,96258.0,10884.84913,358.09443858,0.56597002,0.00089941,6.55341385,3.3e-07,-0.0030393831239023624,0.5363637608402507,0.4636278262799841,buy
2025-02-24,96258.0,96500.0,91349.26,91552.88,31550.10299,35.63554664,0.45747462,0.0048754,10.46403974,5.3e-07,-0.05011535775172125,0.6715241431497837,0.3284546886117631,buy
2025-02-25,91552.88,92540.69,86050.99,88680.4,78333.11111,9143.46919718,0.25234501,0.00479561,20.36526459,1.03e-06,-0.03187783350742482,0.6828039813310756,0.31719529748146214,buy
2025-02-26,88680.39,89414.15,82256.01,84250.09,56893.54409,2657.67127301,0.46372035,0.00680277,19.95346354,1.01e-06,-0.05124925785668909,0.8170938874816093,0.18277343106790805,buy
2025-02-27,84250.09,87078.46,82716.49,84708.58,42505.45439,-887.23310717,0.32991466,0.00534361,15.42199657,7.8e-07,0.005427257747781736,0.5261772792499396,0.006187799133337289,buy
2025-02-28,84708.57,85120.0,78258.52,84349.94,83648.03969,-540.41994706,0.22422937,0.00454535,16.00499523,8.1e-07,-0.004242797559089215,0.30028631545812673,0.0017194109015967653,hold
2025-03-01,84349.95,86558.0,83824.78,86064.53,25785.05464,-971.23217604,0.40213068,-0.00225084,7.67530299,3.9e-07,0.020123266049919198,0.7837347548295942,0.12783080673349495,buy
2025-03-02,86064.54,95000.0,85050.6,94270.0,54889.09045,-5411.20917482,0.47595127,-0.0050236,9.64967026,4.9e-07,0.09106564168828868,0.17466007651695814,0.8253399234700605,sell
2025-03-03,94269.99,94416.46,85117.11,86220.61,59171.10218,1770.79068667,0.46425352,0.00275675,18.86626146,9.5e-07,-0.08925376118948612,0.3784575840886759,0.6215424131689916,sell
2025-03-04,86221.16,88967.52,81500.0,87281.98,55609.10706,-668.16277898,0.31167614,0.0009022,13.70687414,6.9e-07,0.01223478265846054,0.7494630143562989,0.01924947725387436,buy
2025-03-05,87281.98,91000.0,86334.53,90606.01,38264.01163,-26.80106886,0.28790546,0.00392405,11.01476581,5.6e-07,0.03737651951263447,0.8994280769574732,0.003734059472577405,buy
2025-03-06,90606.0,92810.64,87836.0,89931.89,34342.44902,-260.99507302,0.36878955,0.00530007,22.37486403,1.13e-06,-0.007467940338037054,0.894963716034933,0.007038142263922209,buy
2025-03-07,89931.88,91283.02,84667.03,86801.75,57980.35713,1839.0172349,0.36049444,0.0021182,15.63626881,7.9e-07,-0.035425823298239754,0.9377864688429289,0.03909221300714743,buy
2025-03-08,86801.74,86897.25,85218.47,86222.45,12989.23054,-514.43578806,0.57641604,0.00101904,5.04173259,2.5e-07,-0.006696198157303769,0.6208186757987785,0.3791782497358469,buy
2025-03-09,86222.46,86500.0,80000.0,80734.37,26115.39345,-18.41641742,0.3071578,0.00473606,8.6336724,4.4e-07,-0.06576620160006473,0.9444060271952343,0.05550421544903284,buy
2025-03-10,80734.48,84123.46,77459.91,78595.86,47633.38405,3199.39167612,0.37512775,0.0020907,32.49417275,1.64e-06,-0.026845356703792466,0.9763750998272092,0.014895616176840832,buy
2025-03-11,78595.86,83617.4,76606.0,82932.99,48770.06853,728.81707062,0.33394885,0.00413482,20.38998217,1.03e-06,0.053713906024732805,0.9925356901098948,0.006809023722655916,buy
2025-03-12,82932.99,84539.85,80607.65,83680.12,31933.986,515.98559852,0.35284616,0.00238121,21.81469255,1.1e-06,0.008968502033038601,0.9072675436930733,0.007576811768172724,buy
2025-03-13,83680.12,84336.33,79939.9,81115.78,27546.27412,1573.20242942,0.50446324,0.0041805,17.09682835,8.6e-07,-0.03112391755655611,0.9084559792295319,0.09140404474939048,buy
2025-03-14,81115.78,85309.71,80818.84,83983.2,26858.52755,-2218.98481745,0.38370442,0.00145175,21.61260813,1.09e-06,0.034739262047201416,0.9710817394316568,0.02202397223561487,buy
2025-03-15,83983.19,84676.28,83618.0,84338.44,11324.7332,-592.15293172,0.33470851,-0.00189518,4.89230786,2.5e-07,0.004220972745167093,0.8497432324444834,0.004496022079081805,buy
2025-03-16,84338.44,85117.04,81981.12,82574.53,17596.12531,237.85288669,0.43790018,0.00270639,9.46362452,4.8e-07,-0.021136472120496245,0.9708366437936833,0.022096245932500033,buy
2025-03-17,82574.52,84756.83,82456.0,84010.03,17214.74358,-682.6080273,0.4370182,0.00456391,12.86464159,6.5e-07,0.017234917011719673,0.9729378436886149,0.022562551465815445,buy
2025-03-18,84010.02,84021.74,81134.66,82715.03,17610.89883,412.07129319,0.38690256,0.00195467,11.16282804,5.6e-07,-0.015534869726955195,0.9488775926808221,0.01948968518153927,buy
2025-03-19,82715.03,87000.0,82547.16,86845.94,28151.05374,-4146.67804119,0.37714817,0.00391585,14.51730431,7.3e-07,0.04873441757894435,0.8648680579868323,0.13490249715225278,buy
2025-03-20,86845.93,87453.67,83655.23,84223.39,22090.30463,1155.85756486,0.53158003,0.00314236,26.40875614,1.33e-06,-0.030663070683642123,0.5820941400688401,0.4178904974672939,buy
2025-03-21,84223.38,84850.33,83175.25,84088.79,11956.97443,-434.90997335,0.4684471,0.00430593,8.64877606,4.4e-07,-0.0015994092488549737,0.5662670155240583,0.4322828269241106,buy
2025-03-22,84088.79,84539.17,83625.1,83840.59,5420.22114,-447.75848538,0.55656734,0.00146836,30.3786107,1.53e-06,-0.00295600663481781,0.24740772531779026,0.7525869056663947,sell
2025-03-23,83840.59,86129.64,83809.75,86082.5,8461.97813,-815.77558928,0.48832314,0.00066284,8.75036207,4.4e-07,0.026388880980959678,0.24283320142356726,0.7570973960445163,sell
2025-03-24,86082.5,88765.43,85519.09,87498.16,30115.62111,-8155.68646882,0.36373255,0.00040421,10.66418826,5.4e-07,0.01631162582836565,0.08231233991796523,0.9176873919424162,sell
2025-03-25,87498.16,88539.63,86310.0,87392.87,22643.25248,-4757.01530743,0.57237346,-0.00202253,13.20527267,6.7e-07,-0.0012040641846587025,0.016314255046662948,0.9836857441063717,sell
2025-03-26,87392.88,88275.0,85860.0,86909.17,18408.78485,-607.82733189,0.57557433,0.00077373,14.72974559,7.4e-07,-0.005550150091920325,0.1249334014001096,0.8750649873630288,sell
2025-03-27,86909.17,87756.39,85800.0,87232.01,17098.03897,-784.7933948,0.32259953,0.00064852,11.26970929,5.7e-07,0.0037078004164337397,0.7111340372490504,0.09575150486046656,buy
2025-03-28,87232.01,87515.67,83585.0,84424.38,27182.73169,4258.45277476,0.5197585,0.00477972,40.98321004,2.07e-06,-0.0327151282624945,0.7214903402805825,0.27847305871437866,buy
2025-03-29,84424.38,84624.73,81644.81,82648.54,11696.39864,680.40348593,0.33481736,0.00447473,6.82207672,3.4e-07,-0.02125906318917359,0.8987125843838734,0.01926362112021473,buy
2025-03-30,82648.53,83534.64,81565.0,82389.99,9864.49508,-26.13449476,0.45814716,0.00171004,10.76475389,5.4e-07,-0.003133210305684936,0.9657496474780969,0.02907091572322168,buy
2025-03-31,82390.0,83943.08,81278.52,82550.01,20569.13885,1346.46794003,0.40869284,0.00383414,13.57424658,6.8e-07,0.0019403425512951966,0.968668452346822,0.013040743229844155,buy
2025-04-01,82550.0,85579.46,82432.74,85158.34,20190.39697,-658.68693445,0.39951799,0.00234119,11.03222134,5.6e-07,0.031108055610873073,0.9700531114234244,0.01709901531945285,buy
