datetime,close,premium_index,price_change,z_score,position,trade,pnl,equity,drawdown
0,42576.73,,0,-0.023609046,0,,0,1000000,0
1,42590.03,,13.299999999995634,0.032128772798691425,0,,0,1000000,0
2,42637.17,,47.13999999999942,0.17394590024237394,0,,0,1000000,0
3,42591.94,,-45.23,-0.213159539,0,,0,1000000,0
4,42533.28,,-58.66,-0.269442164,0,,0,1000000,0
5,42492.24,,-41.04,-0.195600031,0,,0,1000000,0
6,42248.8,,-243.44,-1.043820675,0,,0,1000000,0
7,42288.06,,39.25999999999476,0.14092229018750532,0,,0,1000000,0
8,42452.66,,164.60000000000582,0.6661988491056715,0,,0,1000000,0
9,42594.68,,142.0199999999968,0.5715702812073479,0,,0,1000000,0
10,42571.32,,-23.36,-0.121506449,0,,0,1000000,0
11,42325.11,,-246.21,-1.055429228,0,,0,1000000,0
12,42389.77,,64.65999999999622,0.24736895203943615,0,,0,1000000,0
13,42231.47,,-158.3,-0.687014817,0,,0,1000000,0
14,42400.9,,169.4300000000003,0.686440478,0,,0,1000000,0
15,42496.49,,95.58999999999651,0.3769908123181788,0,,0,1000000,0
16,42552.7,,56.20999999999913,0.21195657831311907,0,,0,1000000,0
17,42650.97,,98.27000000000407,0.3882221923876262,0,,0,1000000,0
18,42688.5,,37.529999999998836,0.13367218290390706,0,,0,1000000,0
19,42690,,1.5,-0.017322826,0,,0,1000000,0
20,42647.83,,-42.17,-0.20033565,0,,0,1000000,0
21,42715.88,,68.04999999999563,0.2615758096645528,0,,0,1000000,0
22,42635.19,,-80.69,-0.361765784,0,,0,1000000,0
23,42797.33,,162.13999999999942,0.6558894479971512,0,,0,1000000,0
24,42742.35,,-54.98,-0.25401997,0,,0,1000000,0
25,42833.66,,91.31000000000495,0.35905413071481895,0,,0,1000000,0
26,43120.92,,287.25999999999476,1.1802440279543294,0,,0,1000000,0
27,43547.61,,426.6900000000023,1.7645691485060881,0,,0,1000000,0
28,43701.58,,153.97000000000116,0.6216505020392756,0,,0,1000000,0
29,43632.21,,-69.37,-0.314325776,0,,0,1000000,0
30,43546.06,,-86.15,-0.384647626,0,,0,1000000,0
31,44220.78,,674.7200000000012,2.8040166106766695,0,,0,1000000,0
32,45093.17,,872.3899999999994,3.6324147070652435,0,,0,1000000,0
33,44894.58,,-198.59,-0.855862691,0,,0,1000000,0
34,45485.31,,590.7299999999959,2.452030188277311,0,,0,1000000,0
35,45473.97,,-11.34,-0.071132871,0,,0,1000000,0
36,45218.83,,-255.14,-1.092853192,0,,0,1000000,0
37,45216.32,,-2.51,-0.034127988,0,,0,1000000,0
38,45208.54,,-7.78,-0.056213575,0,,0,1000000,0
39,45504.64,,296.09999999999854,1.2172908189295821,0,,0,1000000,0
40,45808.07,,303.4300000000003,1.248009481582133,0,,0,1000000,0
41,45711.49,,-96.58,-0.42835781,0,,0,1000000,0
42,45621.38,,-90.11,-0.401243247,0,,0,1000000,0
43,45487.83,,-133.55,-0.583292184,0,,0,1000000,0
44,45339.3,,-148.53,-0.646070569,0,,0,1000000,0
45,45691.05,,351.75,1.450509587908313,0,,0,1000000,0
46,45300.8,,-390.25,-1.659073998,0,,0,1000000,0
47,45236.25,,-64.55,-0.294126055,0,,0,1000000,0
48,45395.48,,159.2300000000032,0.6436941808322418,0,,0,1000000,0
49,44997.95,,-397.53,-1.68958312,0,,0,1000000,0
50,45172.54,,174.59000000000378,0.7080650755584476,0,,0,1000000,0
51,45055.75,,-116.79,-0.51305415,0,,0,1000000,0
52,44801.96,,-253.79,-1.087195594,0,,0,1000000,0
53,45128.54,,326.58000000000175,1.3450268131519052,0,,0,1000000,0
54,45000.74,,-127.8,-0.559195006,0,,0,1000000,0
55,44972.8,,-27.94,-0.140700374,0,,0,1000000,0
56,45156.5,,183.6999999999971,0.7462433861675154,0,,0,1000000,0
57,45341.12,,184.62000000000262,0.7500989345495768,0,,0,1000000,0
58,45299.77,,-41.35,-0.196899183,0,,0,1000000,0
59,45286.95,,-12.82,-0.077335275,0,,0,1000000,0
60,45203.08,,-83.87,-0.375092571,0,,0,1000000,0
61,45184.54,,-18.54,-0.101306728,0,,0,1000000,0
62,45344.02,,159.47999999999593,0.6447418841968956,0,,0,1000000,0
63,45027.43,,-316.59,-1.350378679,0,,0,1000000,0
64,45219.26,,191.83000000000175,0.7803146995870682,0,,0,1000000,0
65,45358.71,,139.4499999999971,0.5607998906183945,0,,0,1000000,0
66,45163.58,,-195.13,-0.841362476,0,,0,1000000,0
67,43737.06,,-1426.52,-6.001888261,0,,0,1000000,0
68,42815.1,,-921.96,-3.887371423,0,,0,1000000,0
69,42568.41,,-246.69,-1.057440818,0,,0,1000000,0
70,42206.31,,-362.1,-1.5411026,0,,0,1000000,0
71,43017.35,,811.0400000000009,3.3753083013717227,0,,0,1000000,0
72,43025.7,,8.349999999998545,0.011384246177954515,0,,0,1000000,0
73,42931.89,,-93.81,-0.416749257,0,,0,1000000,0
74,42263.16,,-668.73,-2.82613173,0,,0,1000000,0
75,42613.07,,349.9099999999962,1.4427984911442207,0,,0,1000000,0
76,42739.95,,126.87999999999738,0.5081213654420693,0,,0,1000000,0
77,42943.2,,203.25,0.8281737892858397,0,,0,1000000,0
78,42764.33,,-178.87,-0.77321985,0,,0,1000000,0
79,42862.44,,98.11000000000058,0.3875516622342136,0,,0,1000000,0
80,42899.27,,36.82999999999447,0.13073861348277274,0,,0,1000000,0
81,42736.8,,-162.47,-0.704490509,0,,0,1000000,0
82,43168.23,,431.4300000000003,1.7844336043004938,0,,0,1000000,0
83,43138.05,,-30.18,-0.150087796,0,,0,1000000,0
84,43187.16,,49.11000000000058,0.1822018027560911,0,,0,1000000,0
85,43218.7,,31.539999999993597,0.10856921028604932,0,,0,1000000,0
86,43193.14,,-25.56,-0.130726238,0,,0,1000000,0
87,42795.01,,-398.13,-1.692097609,0,,0,1000000,0
88,42880.65,,85.63999999999942,0.3352922184037559,0,,0,1000000,0
89,43048.96,,168.30999999999767,0.6817467670375523,0,,0,1000000,0
90,43121.14,,72.18000000000029,0.2788838692491569,0,,0,1000000,0
91,43226.07,,104.93000000000029,0.41613301002280007,0,,0,1000000,0
92,43430.62,,204.5500000000029,0.8336218467822103,0,,0,1000000,0
93,43391.03,,-39.59,-0.189523351,0,,0,1000000,0
94,43713.68,,322.65000000000146,1.3285569162590667,0,,0,1000000,0
95,44095.63,,381.9499999999971,1.5770721543621642,0,,0,1000000,0
96,43966.02,,-129.61,-0.566780379,0,,0,1000000,0
97,44052.54,,86.52000000000407,0.33898013424746415,0,,0,1000000,0
98,44100.66,,48.12000000000262,0.1780528974319498,0,,0,1000000,0
99,44006.83,,-93.83,-0.416833073,0,,0,1000000,0
100,44163.05,,156.22000000000116,0.6310798323214344,0,,0,1000000,0
101,44489.99,,326.93999999999505,1.3465355059970225,0,,0,1000000,0
102,44368.33,,-121.66,-0.533463412,0,,0,1000000,0
103,44193.29,,-175.04,-0.757169034,0,,0,1000000,0
104,44268.78,,75.48999999999796,0.2927554617975673,0,,0,1000000,0
105,43440.98,,-827.8,-3.492764427,0,,0,1000000,0
106,43552.12,,111.13999999999942,0.44215796160155435,0,,0,1000000,0
107,43511.08,,-41.04,-0.195600031,0,,0,1000000,0
108,43627.22,,116.13999999999942,0.46311202889524034,0,,0,1000000,0
109,43675.01,,47.79000000000087,0.17666992899055922,0,,0,1000000,0
110,43880.41,,205.40000000000146,0.8371840382221307,0,,0,1000000,0
111,43810.31,,-70.1,-0.31738507,0,,0,1000000,0
112,43953.39,,143.08000000000175,0.5760125434736301,0,,0,1000000,0
113,44179.74,,226.34999999999854,0.9249815801826627,0,,0,1000000,0
114,43657.49,,-522.25,-2.212261375,0,,0,1000000,0
115,43808.86,,151.37000000000262,0.610754387,0,,0,1000000,0
116,43917.82,,108.95999999999913,0.43302198826150606,0,,0,1000000,0
117,44026.64,,108.81999999999971,0.4324352743772853,0,,0,1000000,0
118,43517.5,,-509.14,-2.157319811,0,,0,1000000,0
119,43525.45,,7.95,0.009707921,0,,0,1000000,0
120,43256.79,,-268.66,-1.14951299,0,,0,1000000,0
121,43642.56,,385.7699999999968,1.593081061774539,0,,0,1000000,0
122,43643.66,,1.1000000000058208,-0.018999151,0,,0,1000000,0
123,43623.3,,-20.36,-0.108934008,0,,0,1000000,0
124,43985.82,,362.5199999999968,1.4956446488588993,0,,0,1000000,0
125,43974.15,,-11.67,-0.072515839,0,,0,1000000,0
126,44009.61,,35.45999999999913,0.12499719904432229,0,,0,1000000,0
127,44186.59,,176.97999999999593,0.7180811197247965,0,,0,1000000,0
128,44108.38,,-78.21,-0.351372567,0,,0,1000000,0
129,44013.3,,-95.08,-0.42207159,0,,0,1000000,0
130,43946.91,,-66.39,-0.301837152,0,,0,1000000,0
131,43973.32,,26.409999999996217,0.087070337,0,,0,1000000,0
132,43891.9,,-81.42,-0.364825078,0,,0,1000000,0
133,43739.15,,-152.75,-0.663755802,0,,0,1000000,0
134,43496.42,,-242.73,-1.040845197,0,,0,1000000,0
135,43696.57,,200.15000000000146,0.8151822675637604,0,,0,1000000,0
136,43736.14,,39.56999999999971,0.1422214423597346,0,,0,1000000,0
137,43685.66,,-50.48,-0.23516131,0,,0,1000000,0
138,43725.13,,39.46999999999389,0.14180236101383648,0,,0,1000000,0
139,43705.54,,-19.59,-0.105707082,0,,0,1000000,0
140,43645.2,,-60.34,-0.27648273,0,,0,1000000,0
141,43733.91,,88.71,0.34815801572210836,0,,0,1000000,0
142,43859.42,,125.50999999999476,0.5023799510035883,0,,0,1000000,0
143,43901.64,,42.220000000001164,0.15332709802539427,0,,0,1000000,0
144,43901.82,,0.18000000000029104,-0.0228547,0,,0,1000000,0
145,43998.26,,96.44000000000233,0.3805530037581298,0,,0,1000000,0
146,44028.64,,30.37999999999738,0.10370786667393003,0,,0,1000000,0
147,43939.48,,-89.16,-0.397261974,0,,0,1000000,0
148,43857.88,,-81.6,-0.365579424,0,,0,1000000,0
149,43919.4,,61.520000000004075,0.2342097977790343,0,,0,1000000,0
150,43907.26,,-12.14,-0.074485522,0,,0,1000000,0
151,43992.44,,85.18000000000029,0.3333644442127405,0,,0,1000000,0
152,44147.42,,154.97999999999593,0.6258832236325783,0,,0,1000000,0
153,43996.3,,-151.12,-0.656924776,0,,0,1000000,0
154,43962.7,,-33.6,-0.164420378,0,,0,1000000,0
155,43970.54,,7.8400000000037835,0.009246931,0,,0,1000000,0
156,44025.32,,54.779999999998836,0.20596371506712366,0,,0,1000000,0
157,43912.15,,-113.17,-0.497883405,0,,0,1000000,0
158,44052.32,,140.16999999999825,0.5638172763086902,0,,0,1000000,0
159,44114.27,,61.94999999999709,0.23601184756626203,0,,0,1000000,0
160,44046.42,,-67.85,-0.307955739,0,,0,1000000,0
161,43964.01,,-82.41,-0.368973983,0,,0,1000000,0
162,43988.31,,24.299999999995634,0.078227721,0,,0,1000000,0
163,44092.19,,103.88000000000466,0.4117326558911443,0,,0,1000000,0
164,44121.29,,29.099999999998545,0.098343625,0,,0,1000000,0
165,44425.07,,303.77999999999884,1.249476266292685,0,,0,1000000,0
166,44432.69,,7.620000000002619,0.008324952,0,,0,1000000,0
167,44078.77,,-353.92,-1.506821746,0,,0,1000000,0
168,43951.76,,-127.01,-0.555884264,0,,0,1000000,0
169,44092.18,,140.41999999999825,0.5648649796733745,0,,0,1000000,0
170,44129.94,,37.76000000000204,0.13463606999943004,0,,0,1000000,0
171,44274.65,,144.70999999999913,0.5828435694113607,0,,0,1000000,0
172,44147.01,,-127.64,-0.558524476,0,,0,1000000,0
173,44257.18,,110.16999999999825,0.4380928725465744,0,,0,1000000,0
174,43892.05,,-365.13,-1.553800764,0,,0,1000000,0
175,43950.28,,58.229999999995925,0.2204220214997548,0,,0,1000000,0
176,43653.23,,-297.05,-1.268490184,0,,0,1000000,0
177,43741.5,,88.27,0.3463140578002238,0,,0,1000000,0
178,43399.33,,-342.17,-1.457579687,0,,0,1000000,0
179,43539.23,,139.90000000000146,0.5626857566748446,0,,0,1000000,0
180,43617.94,,78.70999999999913,0.3062498811347059,0,,0,1000000,0
181,43661.1,,43.15999999999622,0.15726646267658648,0,,0,1000000,0
182,43931.51,,270.4100000000035,1.1096288211746443,0,,0,1000000,0
183,43994.5,,62.98999999999796,0.24037029356335238,0,,0,1000000,0
184,43886.18,,-108.32,-0.47755796,0,,0,1000000,0
185,43744.96,,-141.22,-0.615435723,0,,0,1000000,0
186,44105.02,,360.0599999999977,1.4853352477504094,0,,0,1000000,0
187,44658.71,,553.6900000000023,2.2968024577657116,0,,0,1000000,0
188,45167.92,,509.2099999999991,2.110395075121068,0,,0,1000000,0
189,44958.8,,-209.12,-0.899991957,0,,0,1000000,0
190,44825.46,,-133.34,-0.582412113,0,,0,1000000,0
191,45002.43,,176.97000000000116,0.7180392115902311,0,,0,1000000,0
192,44981.26,,-21.17,-0.112328567,0,,0,1000000,0
193,45710.21,,728.9499999999971,3.0312844245439705,0,,0,1000000,0
194,47031.31,,1321.0999999999985,5.512874614135206,0,,0,1000000,0
195,47030.2,,-1.11,-0.028260849,0,,0,1000000,0
196,46815.29,,-214.91,-0.924256767,0,,0,1000000,0
197,47116,,300.7099999999991,1.2366104689743629,0,,0,1000000,0
198,47044.02,,-71.98,-0.325263799,0,,0,1000000,0
199,46995.1,,-48.92,-0.228623641,0,,0,1000000,0
200,46706.42,,-288.68,-1.233413075,0,,0,1000000,0
201,46584.99,,-121.43,-0.532499524,0,,0,1000000,0
202,46814.13,,229.13999999999942,0.9366739497325433,0,,0,1000000,0
203,46964.72,,150.59000000000378,0.6074855525487549,0,,0,1000000,0
204,46829.65,,-135.07,-0.58966222,0,,0,1000000,0
205,46742.78,,-86.87,-0.387665011,0,,0,1000000,0
206,46813.77,,70.98999999999796,0.27389680123324994,0,,0,1000000,0
207,46847.83,,34.06000000000495,0.11913006020211461,0,,0,1000000,0
208,46573.46,,-274.37,-1.173442535,0,,0,1000000,0
209,46515.62,,-57.84,-0.266005697,0,,0,1000000,0
210,46464.36,,-51.26,-0.238430144,0,,0,1000000,0
211,46643.78,,179.41999999999825,0.728306705,0,,0,1000000,0
212,46193.87,,-449.91,-1.909097929,0,,0,1000000,0
213,46858.17,,664.2999999999956,2.7603483344366047,0,,0,1000000,0
214,46574.36,,-283.81,-1.213003814,0,,0,1000000,0
215,46876.36,,302,1.2420166183361376,0,,0,1000000,0
216,46921.73,,45.37000000000262,0.1665281604204225,0,,0,1000000,0
217,46738.77,,-182.96,-0.790360277,0,,0,1000000,0
218,46657.29,,-81.48,-0.365076527,0,,0,1000000,0
219,46890.1,,232.80999999999767,0.9520542351261014,0,,0,1000000,0
220,46651.31,,-238.79,-1.024333392,0,,0,1000000,0
221,45419.45,,-1231.86,-5.186104513,0,,0,1000000,0
222,46278.06,,858.6100000000006,3.5746652976038495,0,,0,1000000,0
223,46124.08,,-153.98,-0.668910503,0,,0,1000000,0
224,45861.33,,-262.75,-1.124745282,0,,0,1000000,0
225,45941.48,,80.15000000000146,0.31228465251529725,0,,0,1000000,0
226,45995.5,,54.02,0.20277869683847485,0,,0,1000000,0
227,46132.33,,136.83000000000175,0.5498199593565226,0,,0,1000000,0
228,45981.19,,-151.14,-0.657008592,0,,0,1000000,0
229,45981.95,,0.7599999999947613,-0.020424028,0,,0,1000000,0
230,46026.56,,44.61000000000058,0.1633431421917737,0,,0,1000000,0
231,45768.43,,-258.13,-1.105383724,0,,0,1000000,0
232,45338.99,,-429.44,-1.823311978,0,,0,1000000,0
233,45674.25,,335.26000000000204,1.3814030739737453,0,,0,1000000,0
234,45552,,-122.25,-0.535935992,0,,0,1000000,0
235,45526.41,,-25.59,-0.130851963,0,,0,1000000,0
236,44687.73,,-838.68,-3.538360478,0,,0,1000000,0
237,45124.46,,436.7299999999959,1.8066449156317828,0,,0,1000000,0
238,44866.8,,-257.66,-1.103414042,0,,0,1000000,0
239,45557.32,,690.5199999999968,2.870231463324699,0,,0,1000000,0
240,45317.86,,-239.46,-1.027141237,0,,0,1000000,0
241,46414.8,,1096.9400000000023,4.573461869224692,0,,0,1000000,0
242,46554.78,,139.97999999999593,0.5630210217515204,0,,0,1000000,0
243,46518.14,,-36.64,-0.177160451,0,,0,1000000,0
244,46144.39,,-373.75,-1.589925576,0,,0,1000000,0
245,45946.36,,-198.03,-0.853515835,0,,0,1000000,0
246,46928.33,,981.9700000000012,4.0916440458736725,0,,0,1000000,0
247,46666.11,,-262.22,-1.122524151,0,,0,1000000,0
248,46690.37,,24.260000000002037,0.078060088,0,,0,1000000,0
249,46525.87,,-164.5,-0.71299786,0,,0,1000000,0
250,46571.95,,46.07999999999447,0.16950363797609178,0,,0,1000000,0
251,46513.73,,-58.22,-0.267598206,0,,0,1000000,0
252,46411.68,,-102.05,-0.45128156,0,,0,1000000,0
253,46079.26,,-332.42,-1.416719256,0,,0,1000000,0
254,45912.79,,-166.47,-0.721253763,0,,0,1000000,0
255,46102.74,,189.9499999999971,0.7724359702846229,0,,0,1000000,0
256,46281.31,,178.5699999999997,0.7247445131242045,0,,0,1000000,0
257,46222.33,,-58.98,-0.270783224,0,,0,1000000,0
258,46869.49,,647.1599999999962,2.688517791753852,0,,0,1000000,0
259,47076.78,,207.29000000000087,0.8451046756591416,0,,0,1000000,0
260,47471.92,,395.1399999999994,1.6323489838829175,0,,0,1000000,0
261,47363.38,,-108.54,-0.478479939,0,,0,1000000,0
262,48633.4,,1270.020000000004,5.298807862662933,0,,0,1000000,0
263,46702.94,,-1930.46,-8.113806796,0,,0,1000000,0
264,45936.39,,-766.55,-3.236077103,0,,0,1000000,0
265,46477.9,,541.51,2.2457583498382916,0,,0,1000000,0
266,46608.55,,130.65000000000146,0.5239207321815256,0,,0,1000000,0
267,46698.61,,90.05999999999767,0.353815614,0,,0,1000000,0
268,46289.15,,-409.46,-1.739579525,0,,0,1000000,0
269,46160.99,,-128.16,-0.560703699,0,,0,1000000,0
270,46411.76,,250.77000000000407,1.0273212448450482,0,,0,1000000,0
271,46342.66,,-69.1,-0.313194256,0,,0,1000000,0
272,46293.97,,-48.69,-0.227659754,0,,0,1000000,0
273,46143.21,,-150.76,-0.655416083,0,,0,1000000,0
274,46145,,1.7900000000008731,-0.01610749,0,,0,1000000,0
275,46000,,-145,-0.631276998,0,,0,1000000,0
276,45956.16,,-43.84,-0.207334308,0,,0,1000000,0
277,46193.2,,237.0399999999936,0.9697813760565427,0,,0,1000000,0
278,46106.64,,-86.56,-0.386365859,0,,0,1000000,0
279,46033.88,,-72.76,-0.328532633,0,,0,1000000,0
280,45880.44,,-153.44,-0.666647463,0,,0,1000000,0
281,45928.55,,48.11000000000058,0.1780109892973539,0,,0,1000000,0
282,46066.29,,137.73999999999796,0.5536335996039575,0,,0,1000000,0
283,45953.91,,-112.38,-0.494572663,0,,0,1000000,0
284,45867.7,,-86.21,-0.384899074,0,,0,1000000,0
285,45778.12,,-89.58,-0.399022116,0,,0,1000000,0
286,45440.11,,-338.01,-1.440145903,0,,0,1000000,0
287,44378.39,,-1061.72,-4.473079512,0,,0,1000000,0
288,43538.08,,-840.31,-3.545191504,0,,0,1000000,0
289,43674.41,,136.33000000000175,0.547724553,0,,0,1000000,0
290,43415.67,,-258.74,-1.107940121,0,,0,1000000,0
291,43422.8,,7.130000000004657,0.006271454,0,,0,1000000,0
292,43648.18,,225.37999999999738,0.9209164911276828,0,,0,1000000,0
293,43420.37,,-227.81,-0.97831826,0,,0,1000000,0
294,42484.61,,-935.76,-3.945204648,0,,0,1000000,0
295,42773.03,,288.41999999999825,1.1851053715664792,0,,0,1000000,0
296,42786.61,,13.580000000001746,0.033302201,0,,0,1000000,0
297,42651.61,,-135,-0.589368863,0,,0,1000000,0
298,42526.02,,-125.59,-0.549933308,0,,0,1000000,0
299,42600.5,,74.48,0.28852274020426466,0,,0,1000000,0
300,42829.03,,228.52999999999884,0.9341175535227111,0,,0,1000000,0
301,43091.24,,262.2099999999991,1.075264150812981,0,,0,1000000,0
302,43142.33,,51.09000000000378,0.19049961340440416,0,,0,1000000,0
303,43096.5,,-45.83,-0.215674027,0,,0,1000000,0
304,43167.46,,70.95999999999913,0.2737710768294927,0,,0,1000000,0
305,42916.63,,-250.83,-1.074790786,0,,0,1000000,0
306,42689.38,,-227.25,-0.975971405,0,,0,1000000,0
307,42610.82,,-78.56,-0.352839352,0,,0,1000000,0
308,42676.3,,65.48,0.2508054190756299,0,,0,1000000,0
309,42732.22,,55.919999999998254,0.21074124241008163,0,,0,1000000,0
310,42847.17,,114.94999999999709,0.4581249608793333,0,,0,1000000,0
311,43142.62,,295.45000000000437,1.2145667901814272,0,,0,1000000,0
312,42886.74,,-255.88,-1.095954394,0,,0,1000000,0
313,42890.19,,3.4500000000043656,-0.00915074,0,,0,1000000,0
314,42787.16,,-103.03,-0.455388557,0,,0,1000000,0
315,42775.81,,-11.35,-0.071174779,0,,0,1000000,0
316,42858.62,,82.81000000000495,0.32343221631555286,0,,0,1000000,0
317,42956.11,,97.48999999999796,0.3849533578897856,0,,0,1000000,0
318,42982.97,,26.860000000000582,0.088956203,0,,0,1000000,0
319,42839.33,,-143.64,-0.625577491,0,,0,1000000,0
320,42679.2,,-160.13,-0.694684005,0,,0,1000000,0
321,42765.02,,85.81999999999971,0.33604656482632983,0,,0,1000000,0
322,42762.37,,-2.65,-0.034714702,0,,0,1000000,0
323,42666.9,,-95.47,-0.423706007,0,,0,1000000,0
324,42567.13,,-99.77,-0.441726505,0,,0,1000000,0
325,42737.8,,170.67000000000553,0.6916370868002051,0,,0,1000000,0
326,42983.48,,245.6800000000003,1.005990004,0,,0,1000000,0
327,42998.66,,15.180000000000291,0.040007502,0,,0,1000000,0
328,42983.12,,-15.54,-0.088734287,0,,0,1000000,0
329,43045.03,,61.90999999999622,0.2358442150279089,0,,0,1000000,0
330,42877.67,,-167.36,-0.724983587,0,,0,1000000,0
331,42814.52,,-63.15,-0.288258916,0,,0,1000000,0
332,42746.17,,-68.35,-0.310051146,0,,0,1000000,0
333,42876.71,,130.54000000000087,0.523459743,0,,0,1000000,0
334,42807.68,,-69.03,-0.312900899,0,,0,1000000,0
335,42895.52,,87.83999999999651,0.34451200801296555,0,,0,1000000,0
336,42915.41,,19.890000000006694,0.059746233,0,,0,1000000,0
337,42962.24,,46.82999999999447,0.17264674807014468,0,,0,1000000,0
338,42881.78,,-80.46,-0.360801897,0,,0,1000000,0
339,42637.45,,-244.33,-1.047550499,0,,0,1000000,0
340,42484.97,,-152.48,-0.662624282,0,,0,1000000,0
341,42526.05,,41.080000000001746,0.1485495706824363,0,,0,1000000,0
342,42249.89,,-276.16,-1.180944091,0,,0,1000000,0
343,41697.33,,-552.56,-2.339284931,0,,0,1000000,0
344,42260.9,,563.5699999999997,2.338207694738024,0,,0,1000000,0
345,42253.33,,-7.57,-0.055333504,0,,0,1000000,0
346,42379.79,,126.45999999999913,0.506361224,0,,0,1000000,0
347,42551.44,,171.65000000000146,0.6957440839897505,0,,0,1000000,0
348,42585.41,,33.970000000001164,0.1187528869908124,0,,0,1000000,0
349,42727.84,,142.42999999999302,0.5732885147254143,0,,0,1000000,0
350,42634.68,,-93.16,-0.414025228,0,,0,1000000,0
351,42689.78,,55.099999999998545,0.20730477537391834,0,,0,1000000,0
352,42646.1,,-43.68,-0.206663778,0,,0,1000000,0
353,42718.43,,72.33000000000175,0.2795124912679736,0,,0,1000000,0
354,42535.96,,-182.47,-0.788306778,0,,0,1000000,0
355,42677.05,,141.09000000000378,0.5676728246907515,0,,0,1000000,0
356,42643.8,,-33.25,-0.162953594,0,,0,1000000,0
357,42831.8,,188,0.7642638840400975,0,,0,1000000,0
358,42173.26,,-658.54,-2.783427341,0,,0,1000000,0
359,42249.31,,76.04999999999563,0.29510231733445036,0,,0,1000000,0
360,42492.02,,242.70999999999913,0.9935432883676057,0,,0,1000000,0
361,42668.97,,176.95000000000437,0.7179553953210698,0,,0,1000000,0
362,42979.1,,310.1299999999974,1.276087932,0,,0,1000000,0
363,42951.22,,-27.88,-0.140448925,0,,0,1000000,0
364,42924.82,,-26.4,-0.134246522,0,,0,1000000,0
365,42685.1,,-239.72,-1.028230849,0,,0,1000000,0
366,42588.65,,-96.45,-0.427813004,0,,0,1000000,0
367,42490.16,,-98.49,-0.436362264,0,,0,1000000,0
368,42565.99,,75.82999999999447,0.2941803383735233,0,,0,1000000,0
369,42543.93,,-22.06,-0.116058391,0,,0,1000000,0
370,42666.84,,122.90999999999622,0.49148383601087775,0,,0,1000000,0
371,42883.79,,216.95000000000437,0.8855879336705575,0,,0,1000000,0
372,42755.56,,-128.23,-0.560997056,0,,0,1000000,0
373,42725.63,,-29.93,-0.149040093,0,,0,1000000,0
374,42698.63,,-27,-0.13676101,0,,0,1000000,0
375,42743.94,,45.31000000000495,0.16627671161290805,0,,0,1000000,0
376,42972.19,,228.25,0.9329441257542695,0,,0,1000000,0
377,42887.79,,-84.4,-0.377313702,0,,0,1000000,0
378,42827.58,,-60.21,-0.275937925,0,,0,1000000,0
379,42862.62,,35.04000000000087,0.123237057,0,,0,1000000,0
380,43123.57,,260.9499999999971,1.0699837258549636,0,,0,1000000,0
381,42770.51,,-353.06,-1.503217646,0,,0,1000000,0
382,42674.65,,-95.86,-0.425340424,0,,0,1000000,0
383,43242.02,,567.3699999999953,2.354132785881207,0,,0,1000000,0
384,43247.55,,5.530000000006112,-0.000433848,0,,0,1000000,0
385,43040.87,,-206.68,-0.889766372,0,,0,1000000,0
386,43023.76,,-17.11,-0.095313864,0,,0,1000000,0
387,43144.79,,121.02999999999884,0.4836051067084628,0,,0,1000000,0
388,43170,,25.209999999999127,0.082041361,0,,0,1000000,0
389,43428.79,,258.7900000000009,1.0609315687841072,0,,0,1000000,0
390,43200.02,,-228.77,-0.982341441,0,,0,1000000,0
391,43130.45,,-69.57,-0.315163939,0,,0,1000000,0
392,43081.74,,-48.71,-0.22774357,0,,0,1000000,0
393,42958.66,,-123.08,-0.539414367,0,,0,1000000,0
394,42978.26,,19.599999999998545,0.058530898,0,,0,1000000,0
395,42832.17,,-146.09,-0.635844984,0,,0,1000000,0
396,42824.87,,-7.3,-0.054201984,0,,0,1000000,0
397,42760.71,,-64.16,-0.292491638,0,,0,1000000,0
398,42789.32,,28.610000000000582,0.096290127,0,,0,1000000,0
399,42632.54,,-156.78,-0.68064478,0,,0,1000000,0
400,42699.29,,66.75,0.25612775216821276,0,,0,1000000,0
401,42651.04,,-48.25,-0.225815796,0,,0,1000000,0
402,42820.57,,169.52999999999884,0.6868595594572167,0,,0,1000000,0
403,42652.34,,-168.23,-0.728629594,0,,0,1000000,0
404,42743.44,,91.10000000000582,0.35817405988848783,0,,0,1000000,0
405,42577.13,,-166.31,-0.720583233,0,,0,1000000,0
406,42550.13,,-27,-0.13676101,0,,0,1000000,0
407,42452.52,,-97.61,-0.432674348,0,,0,1000000,0
408,42316.48,,-136.04,-0.593727309,0,,0,1000000,0
409,42331.83,,15.349999999998545,0.040719940389114875,0,,0,1000000,0
410,42569.29,,237.45999999999913,0.9715415177092355,0,,0,1000000,0
411,42568.09,,-1.2,-0.028638022,0,,0,1000000,0
412,42636.74,,68.65000000000146,0.2640902977398195,0,,0,1000000,0
413,42637.12,,0.3800000000046566,-0.022016537,0,,0,1000000,0
414,42686.19,,49.06999999999971,0.18203417021773793,0,,0,1000000,0
415,42739.49,,53.299999999995634,0.1997613111481792,0,,0,1000000,0
416,42624.13,,-115.36,-0.507061287,0,,0,1000000,0
417,42551.25,,-72.88,-0.329035531,0,,0,1000000,0
418,42613.54,,62.29000000000087,0.23743672414224853,0,,0,1000000,0
419,42542.12,,-71.42,-0.322916943,0,,0,1000000,0
420,42624.11,,81.98999999999796,0.31999574927935903,0,,0,1000000,0
421,42728.56,,104.44999999999709,0.4141214195625928,0,,0,1000000,0
422,42750.9,,22.340000000003783,0.070013726,0,,0,1000000,0
423,42863.19,,112.29000000000087,0.4469773970791082,0,,0,1000000,0
424,42687.27,,-175.92,-0.76085695,0,,0,1000000,0
425,42692.81,,5.540000000000873,-0.00039194,0,,0,1000000,0
426,42401.21,,-291.6,-1.245650251,0,,0,1000000,0
427,42493.86,,92.65000000000146,0.3646698207495122,0,,0,1000000,0
428,42392.61,,-101.25,-0.447928909,0,,0,1000000,0
429,42463.24,,70.62999999999738,0.27238810838810207,0,,0,1000000,0
430,42696.24,,233,0.9528504896832712,0,,0,1000000,0
431,42575.72,,-120.52,-0.528685884,0,,0,1000000,0
432,41887.57,,-688.15,-2.907517328,0,,0,1000000,0
433,41756.71,,-130.86,-0.572018895,0,,0,1000000,0
434,41450,,-306.71,-1.308973442,0,,0,1000000,0
435,40966.62,,-483.38,-2.049364456,0,,0,1000000,0
436,40677.76,,-288.86,-1.234167422,0,,0,1000000,0
437,41068.61,,390.84999999999854,1.6143703941449312,0,,0,1000000,0
438,41315.53,,246.91999999999825,1.0111866130288856,0,,0,1000000,0
439,41293.5,,-22.03,-0.115932667,0,,0,1000000,0
440,41249.28,,-44.22,-0.208926817,0,,0,1000000,0
441,41224.56,,-24.72,-0.127205955,0,,0,1000000,0
442,41067.29,,-157.27,-0.682698279,0,,0,1000000,0
443,41004,,-63.29,-0.28884563,0,,0,1000000,0
444,41050.96,,46.95999999999913,0.17319155381980003,0,,0,1000000,0
445,41165.96,,115,0.4583345015522824,0,,0,1000000,0
446,41424.66,,258.70000000000437,1.0605543955728354,0,,0,1000000,0
447,41212.6,,-212.06,-0.912312948,0,,0,1000000,0
448,41235.14,,22.540000000000873,0.070851889,0,,0,1000000,0
449,41347.69,,112.55000000000291,0.44806700857838844,0,,0,1000000,0
450,41434.39,,86.69999999999709,0.33973448067000755,0,,0,1000000,0
451,41420.51,,-13.88,-0.081777537,0,,0,1000000,0
452,41288.23,,-132.28,-0.577969851,0,,0,1000000,0
453,41346,,57.77,0.21849424730873934,0,,0,1000000,0
454,40914.33,,-431.67,-1.832657492,0,,0,1000000,0
455,40847.23,,-67.1,-0.304812629,0,,0,1000000,0
456,40354.99,,-492.24,-2.086495063,0,,0,1000000,0
457,41181.49,,826.5,3.440098277443796,0,,0,1000000,0
458,41760.83,,579.3400000000038,2.4042968229823267,0,,0,1000000,0
459,41770.1,,9.269999999996799,0.015239794559985415,0,,0,1000000,0
460,41543.06,,-227.04,-0.975091334,0,,0,1000000,0
461,41596.22,,53.16000000000349,0.19917459726398892,0,,0,1000000,0
462,41644.41,,48.19000000000233,0.17834625437406018,0,,0,1000000,0
463,41624.07,,-20.34,-0.108850192,0,,0,1000000,0
464,41450.98,,-173.09,-0.748996948,0,,0,1000000,0
465,41624.94,,173.95999999999913,0.7054248630794236,0,,0,1000000,0
466,41591.21,,-33.73,-0.164965184,0,,0,1000000,0
467,41604.51,,13.30000000000291,0.032128773,0,,0,1000000,0
468,41577.02,,-27.49,-0.138814508,0,,0,1000000,0
469,41603.31,,26.290000000000873,0.08656744,0,,0,1000000,0
470,41644.25,,40.94000000000233,0.14796285679821553,0,,0,1000000,0
471,41629.81,,-14.44,-0.084124393,0,,0,1000000,0
472,41564.48,,-65.33,-0.297394889,0,,0,1000000,0
473,41492.47,,-72.01,-0.325389523,0,,0,1000000,0
474,41511.69,,19.220000000001164,0.056938388,0,,0,1000000,0
475,41557.73,,46.04000000000087,0.1693360054377691,0,,0,1000000,0
476,41589.3,,31.56999999999971,0.10869493468983704,0,,0,1000000,0
477,41607.79,,18.489999999997963,0.053879094649547224,0,,0,1000000,0
478,41515.86,,-91.93,-0.408870527,0,,0,1000000,0
479,41540.84,,24.979999999995925,0.081077474,0,,0,1000000,0
480,41536.24,,-4.6,-0.042886788,0,,0,1000000,0
481,41560.43,,24.19000000000233,0.077766731,0,,0,1000000,0
482,41580.08,,19.650000000001455,0.058740438,0,,0,1000000,0
483,41604.48,,24.400000000001455,0.078646802,0,,0,1000000,0
484,41722.28,,117.79999999999563,0.47006877923672824,0,,0,1000000,0
485,41701.27,,-21.01,-0.111658037,0,,0,1000000,0
486,41748.66,,47.390000000006694,0.17499360360708874,0,,0,1000000,0
487,41666.67,,-81.99,-0.367213842,0,,0,1000000,0
488,41620.99,,-45.68,-0.215045405,0,,0,1000000,0
489,41635.89,,14.900000000001455,0.038834074,0,,0,1000000,0
490,41678.97,,43.080000000001746,0.1569311975999107,0,,0,1000000,0
491,41662.71,,-16.26,-0.091751673,0,,0,1000000,0
492,41655.19,,-7.52,-0.055123963,0,,0,1000000,0
493,41609.82,,-45.37,-0.213746253,0,,0,1000000,0
494,41578.27,,-31.55,-0.155829211,0,,0,1000000,0
495,41627.58,,49.31000000000495,0.18303996544785683,0,,0,1000000,0
496,41641,,13.419999999998254,0.03263167,0,,0,1000000,0
497,41719.52,,78.52,0.3054536265775361,0,,0,1000000,0
498,41761.13,,41.61000000000058,0.15077070181556212,0,,0,1000000,0
499,41697.82,,-63.31,-0.288929446,0,,0,1000000,0
500,41715.34,,17.52,0.049814006,0,,0,1000000,0
501,41831.81,,116.47000000000116,0.4644949973366309,0,,0,1000000,0
502,41759.08,,-72.73,-0.328406909,0,,0,1000000,0
503,41632.12,,-126.96,-0.555674723,0,,0,1000000,0
504,41583.99,,-48.13,-0.225312898,0,,0,1000000,0
505,41655.17,,71.18000000000029,0.27469305579041975,0,,0,1000000,0
506,41665.37,,10.200000000004366,0.019137251076642717,0,,0,1000000,0
507,41704.99,,39.61999999999534,0.14243098303265317,0,,0,1000000,0
508,41631.72,,-73.27,-0.330669948,0,,0,1000000,0
509,41760.68,,128.95999999999913,0.5168382574362499,0,,0,1000000,0
510,41612.21,,-148.47,-0.64581912,0,,0,1000000,0
511,41554.05,,-58.16,-0.267346757,0,,0,1000000,0
512,41626.33,,72.27999999999884,0.2793029505950246,0,,0,1000000,0
513,41336.5,,-289.83,-1.238232511,0,,0,1000000,0
514,41291.21,,-45.29,-0.213410988,0,,0,1000000,0
515,41164.16,,-127.05,-0.556051896,0,,0,1000000,0
516,40757.5,,-406.66,-1.727845247,0,,0,1000000,0
517,41099.71,,342.2099999999991,1.4105292275119565,0,,0,1000000,0
518,41165.09,,65.37999999999738,0.25038633772973184,0,,0,1000000,0
519,41005.19,,-159.9,-0.693720118,0,,0,1000000,0
520,40919.06,,-86.13,-0.384563809,0,,0,1000000,0
521,40713.65,,-205.41,-0.884444039,0,,0,1000000,0
522,40664.98,,-48.67,-0.227575937,0,,0,1000000,0
523,40771.74,,106.75999999999476,0.4238021986522659,0,,0,1000000,0
524,40847.17,,75.43000000000029,0.2925040129900528,0,,0,1000000,0
525,40909.27,,62.099999999998545,0.2366404695850787,0,,0,1000000,0
526,40667.27,,-242,-1.037785903,0,,0,1000000,0
527,40708.12,,40.85000000000582,0.14758568358694382,0,,0,1000000,0
528,40460.66,,-247.46,-1.060667745,0,,0,1000000,0
529,40660.87,,200.20999999999913,0.8154337163712749,0,,0,1000000,0
530,40261.78,,-399.09,-1.696120789,0,,0,1000000,0
531,39784.41,,-477.37,-2.024177667,0,,0,1000000,0
532,40139.74,,355.32999999999447,1.465512700090569,0,,0,1000000,0
533,39808.12,,-331.62,-1.413366605,0,,0,1000000,0
534,39789.59,,-18.53,-0.10126482,0,,0,1000000,0
535,39524.27,,-265.32,-1.135515673,0,,0,1000000,0
536,39824,,299.7300000000032,1.2325034717848176,0,,0,1000000,0
537,39790.57,,-33.43,-0.16370794,0,,0,1000000,0
538,40030.22,,239.65000000000146,0.9807193991838796,0,,0,1000000,0
539,39973.58,,-56.64,-0.260976721,0,,0,1000000,0
540,40018.53,,44.94999999999709,0.16476801876772973,0,,0,1000000,0
541,40020,,1.4700000000011642,-0.01744855,0,,0,1000000,0
542,39979.82,,-40.18,-0.191995931,0,,0,1000000,0
543,39741.74,,-238.08,-1.021357914,0,,0,1000000,0
544,39428.9,,-312.84,-1.334663129,0,,0,1000000,0
545,38923.21,,-505.69,-2.142861504,0,,0,1000000,0
546,38887.63,,-35.58,-0.172718189,0,,0,1000000,0
547,38809.59,,-78.04,-0.350660129,0,,0,1000000,0
548,39016.87,,207.2800000000061,0.8450627675245762,0,,0,1000000,0
549,38814.3,,-202.57,-0.872542129,0,,0,1000000,0
550,38706.24,,-108.06,-0.476468349,0,,0,1000000,0
551,39164.39,,458.15000000000146,1.8964121399179565,0,,0,1000000,0
552,39269.53,,105.13999999999942,0.4170130808491312,0,,0,1000000,0
553,39363.76,,94.23,0.37129130601432425,0,,0,1000000,0
554,39055,,-308.76,-1.31756461,0,,0,1000000,0
555,39113.25,,58.25,0.2205058377689466,0,,0,1000000,0
556,39120.89,,7.639999999999418,0.008408769,0,,0,1000000,0
557,39184.92,,64.02999999999884,0.24472873956044272,0,,0,1000000,0
558,39439.31,,254.38999999999942,1.0424919895656575,0,,0,1000000,0
559,39878.3,,438.99000000000524,1.8161161540485677,0,,0,1000000,0
560,40172.4,,294.09999999999854,1.2089091920121078,0,,0,1000000,0
561,39755.82,,-416.58,-1.769418117,0,,0,1000000,0
562,39736.73,,-19.09,-0.103611675,0,,0,1000000,0
563,39592.99,,-143.74,-0.625996573,0,,0,1000000,0
564,39631.41,,38.42000000000553,0.13740200688221121,0,,0,1000000,0
565,39766.8,,135.38999999999942,0.5437851879759312,0,,0,1000000,0
566,39849.88,,83.07999999999447,0.32456373594936794,0,,0,1000000,0
567,39954.2,,104.31999999999971,0.4135766138129679,0,,0,1000000,0
568,39921.06,,-33.14,-0.162492604,0,,0,1000000,0
569,39999.99,,78.93000000000029,0.30717186,0,,0,1000000,0
570,40323.46,,323.47000000000116,1.331993383,0,,0,1000000,0
571,40192.06,,-131.4,-0.574281935,0,,0,1000000,0
572,40020.11,,-171.95,-0.74421942,0,,0,1000000,0
573,39963.98,,-56.13,-0.258839406,0,,0,1000000,0
574,39889.2,,-74.78,-0.336998077,0,,0,1000000,0
575,40028.59,,139.38999999999942,0.560548442,0,,0,1000000,0
576,40166.48,,137.8900000000067,0.5542622216228047,0,,0,1000000,0
577,40115.45,,-51.03,-0.237466257,0,,0,1000000,0
578,39735.52,,-379.93,-1.615824804,0,,0,1000000,0
579,39791.16,,55.640000000006694,0.20956781464167057,0,,0,1000000,0
580,39471.37,,-319.79,-1.363789282,0,,0,1000000,0
581,39777.29,,305.91999999999825,1.258444607,0,,0,1000000,0
582,39868.12,,90.83000000000175,0.3570425402546117,0,,0,1000000,0
583,40077.78,,209.65999999999622,0.8550369035563292,0,,0,1000000,0
584,40158.67,,80.88999999999942,0.31538585447475426,0,,0,1000000,0
585,39969.51,,-189.16,-0.81634332,0,,0,1000000,0
586,39933.01,,-36.5,-0.176573737,0,,0,1000000,0
587,40004.12,,71.11000000000058,0.27439969884830934,0,,0,1000000,0
588,39944.06,,-60.06,-0.275309303,0,,0,1000000,0
589,39855.74,,-88.32,-0.393741691,0,,0,1000000,0
590,40010.6,,154.86000000000058,0.6253803260175493,0,,0,1000000,0
591,40102.71,,92.11000000000058,0.36240678148179045,0,,0,1000000,0
592,40057.73,,-44.98,-0.212111836,0,,0,1000000,0
593,40012.24,,-45.49,-0.21424915,0,,0,1000000,0
594,40088.78,,76.54000000000087,0.29715581592925355,0,,0,1000000,0
595,40154.39,,65.61000000000058,0.2513502248252548,0,,0,1000000,0
596,39840.95,,-313.44,-1.337177617,0,,0,1000000,0
597,39899.45,,58.5,0.2215535411336309,0,,0,1000000,0
598,39990.71,,91.26000000000204,0.3588445900418699,0,,0,1000000,0
599,39781.43,,-209.28,-0.900662487,0,,0,1000000,0
600,39683.54,,-97.89,-0.433847776,0,,0,1000000,0
601,39773.73,,90.19000000000233,0.35436041964102233,0,,0,1000000,0
602,39819.45,,45.71999999999389,0.16799494513094396,0,,0,1000000,0
603,39979.17,,159.72000000000116,0.6457476794270145,0,,0,1000000,0
604,39801.6,,-177.57,-0.767771792,0,,0,1000000,0
605,39904.07,,102.47000000000116,0.4058236089143102,0,,0,1000000,0
606,39936.78,,32.70999999999913,0.11347246203279501,0,,0,1000000,0
607,39941.66,,4.880000000004657,-0.003157877,0,,0,1000000,0
608,39880.36,,-61.3,-0.280505911,0,,0,1000000,0
609,39928.13,,47.77,0.1765861127213674,0,,0,1000000,0
610,40128.02,,199.88999999999942,0.8140926560644803,0,,0,1000000,0
611,40050.68,,-77.34,-0.347726559,0,,0,1000000,0
612,40131.45,,80.77,0.3148829568596948,0,,0,1000000,0
613,40084.58,,-46.87,-0.220032473,0,,0,1000000,0
614,39985.35,,-99.23,-0.439463466,0,,0,1000000,0
615,39970.68,,-14.67,-0.08508828,0,,0,1000000,0
616,40114.87,,144.19000000000233,0.5806643464128308,0,,0,1000000,0
617,40063.59,,-51.28,-0.23851396,0,,0,1000000,0
618,40664.95,,601.3600000000006,2.4965785353437067,0,,0,1000000,0
619,41261.89,,596.9400000000023,2.4780551398560955,0,,0,1000000,0
620,41122.88,,-139.01,-0.606174025,0,,0,1000000,0
621,40997.4,,-125.48,-0.549472319,0,,0,1000000,0
622,41564.34,,566.94,2.352330736093949,0,,0,1000000,0
623,41398.83,,-165.51,-0.717230582,0,,0,1000000,0
624,41954.39,,555.5599999999977,2.304639278933531,0,,0,1000000,0
625,41895.36,,-59.03,-0.270992765,0,,0,1000000,0
626,42096.92,,201.55999999999767,0.821091315,0,,0,1000000,0
627,42060.65,,-36.27,-0.17560985,0,,0,1000000,0
628,41967.75,,-92.9,-0.412935617,0,,0,1000000,0
629,41992.19,,24.44000000000233,0.078814435,0,,0,1000000,0
630,41898.83,,-93.36,-0.414863391,0,,0,1000000,0
631,41814.8,,-84.03,-0.375763101,0,,0,1000000,0
632,41781.06,,-33.74,-0.165007092,0,,0,1000000,0
633,41815.79,,34.73,0.12193790521946121,0,,0,1000000,0
634,41834.34,,18.549999999995634,0.054130543457061704,0,,0,1000000,0
635,41812.9,,-21.44,-0.113460087,0,,0,1000000,0
636,41832.12,,19.220000000001164,0.056938388,0,,0,1000000,0
637,41755.62,,-76.5,-0.344206276,0,,0,1000000,0
638,41700,,-55.62,-0.256702091,0,,0,1000000,0
639,41706.62,,6.620000000002619,0.004134139,0,,0,1000000,0
640,41465.17,,-241.45,-1.035480956,0,,0,1000000,0
641,41665.54,,200.37000000000262,0.8161042465246876,0,,0,1000000,0
642,41745.71,,80.16999999999825,0.31236846878445856,0,,0,1000000,0
643,41759.24,,13.529999999998836,0.03309266,0,,0,1000000,0
644,41745.29,,-13.95,-0.082070894,0,,0,1000000,0
645,41739.55,,-5.74,-0.047664315,0,,0,1000000,0
646,41761.12,,21.56999999999971,0.0667868,0,,0,1000000,0
647,41814.55,,53.43000000000029,0.20030611689783454,0,,0,1000000,0
648,41809.18,,-5.37,-0.046113714,0,,0,1000000,0
649,41778.41,,-30.77,-0.152560376,0,,0,1000000,0
650,41794.59,,16.179999999993015,0.044198315559843576,0,,0,1000000,0
651,41911.68,,117.09000000000378,0.46709330168105895,0,,0,1000000,0
652,42056.66,,144.9800000000032,0.5839750890452368,0,,0,1000000,0
653,42150.26,,93.59999999999854,0.36865109353530034,0,,0,1000000,0
654,42155.01,,4.75,-0.003702682,0,,0,1000000,0
655,42126.55,,-28.46,-0.142879597,0,,0,1000000,0
656,41999.98,,-126.57,-0.554040306,0,,0,1000000,0
657,42099.49,,99.50999999999476,0.3934188010764213,0,,0,1000000,0
658,42105.92,,6.430000000000291,0.003337884,0,,0,1000000,0
659,42220.75,,114.83000000000175,0.4576220632643044,0,,0,1000000,0
660,42707.54,,486.7900000000009,2.0164370373761873,0,,0,1000000,0
661,42556.19,,-151.35,-0.657888663,0,,0,1000000,0
662,42411.87,,-144.32,-0.628427245,0,,0,1000000,0
663,42395.55,,-16.32,-0.092003122,0,,0,1000000,0
664,42494.09,,98.54,0.3893537120214413,0,,0,1000000,0
665,42575.11,,81.02000000000407,0.3159306602244096,0,,0,1000000,0
666,42600.27,,25.159999999996217,0.08183182,0,,0,1000000,0
667,42475.46,,-124.81,-0.546664474,0,,0,1000000,0
668,42415.73,,-59.73,-0.273926334,0,,0,1000000,0
669,42394.61,,-21.12,-0.112119026,0,,0,1000000,0
670,42283.32,,-111.29,-0.490004676,0,,0,1000000,0
671,42252.96,,-30.36,-0.150842143,0,,0,1000000,0
672,42301.04,,48.080000000001746,0.17788526489359666,0,,0,1000000,0
673,42160.07,,-140.97,-0.614388019,0,,0,1000000,0
674,41965.9,,-194.17,-0.837339295,0,,0,1000000,0
675,41780.72,,-185.18,-0.799663882,0,,0,1000000,0
676,41938.62,,157.90000000000146,0.638120399,0,,0,1000000,0
677,41971.53,,32.90999999999622,0.11431062472453025,0,,0,1000000,0
678,41828,,-143.53,-0.625116502,0,,0,1000000,0
679,42034.59,,206.5899999999965,0.8421711062380073,0,,0,1000000,0
680,41969.21,,-65.38,-0.29760443,0,,0,1000000,0
681,42155.41,,186.20000000000437,0.7567204198143889,0,,0,1000000,0
682,42229.57,,74.15999999999622,0.28718167989743953,0,,0,1000000,0
683,42317.22,,87.65000000000146,0.3437157534558262,0,,0,1000000,0
684,42208.37,,-108.85,-0.479779091,0,,0,1000000,0
685,42126.01,,-82.36,-0.368764443,0,,0,1000000,0
686,42152.66,,26.650000000001455,0.088076132,0,,0,1000000,0
687,42046.03,,-106.63,-0.470475485,0,,0,1000000,0
688,42107.83,,61.80000000000291,0.23538322554747584,0,,0,1000000,0
689,42284.34,,176.50999999999476,0.7161114373991851,0,,0,1000000,0
690,42311.54,,27.200000000004366,0.09038108,0,,0,1000000,0
691,42238.56,,-72.98,-0.329454612,0,,0,1000000,0
692,42093.94,,-144.62,-0.629684489,0,,0,1000000,0
693,41992.2,,-101.74,-0.449982407,0,,0,1000000,0
694,41942.8,,-49.4,-0.230635231,0,,0,1000000,0
695,42629.1,,686.2999999999956,2.852546230528823,0,,0,1000000,0
696,43204.58,,575.4800000000032,2.388120283031599,0,,0,1000000,0
697,42990.37,,-214.21,-0.921323197,0,,0,1000000,0
698,43026.32,,35.94999999999709,0.127050698,0,,0,1000000,0
699,43000.88,,-25.44,-0.130223341,0,,0,1000000,0
700,43149.48,,148.60000000000582,0.5991458337658764,0,,0,1000000,0
701,43185.98,,36.5,0.12935564504141264,0,,0,1000000,0
702,43117.08,,-68.9,-0.312356094,0,,0,1000000,0
703,43306.18,,189.09999999999854,0.7688737788447023,0,,0,1000000,0
704,43172.12,,-134.06,-0.585429498,0,,0,1000000,0
705,43449.99,,277.86999999999534,1.1408922895767897,0,,0,1000000,0
706,43619.73,,169.74000000000524,0.6877396302835783,0,,0,1000000,0
707,43508.06,,-111.67,-0.491597185,0,,0,1000000,0
708,43415.91,,-92.15,-0.409792506,0,,0,1000000,0
709,43368.67,,-47.24,-0.221583074,0,,0,1000000,0
710,43340.14,,-28.53,-0.143172954,0,,0,1000000,0
711,43357.13,,16.989999999997963,0.047592874461441434,0,,0,1000000,0
712,43423.72,,66.59000000000378,0.2554572220148307,0,,0,1000000,0
713,43324.55,,-99.17,-0.439212017,0,,0,1000000,0
714,43473.6,,149.04999999999563,0.6010316998222655,0,,0,1000000,0
715,43526.96,,53.36000000000058,0.20001275995572418,0,,0,1000000,0
716,43394.5,,-132.46,-0.578724197,0,,0,1000000,0
717,43291.84,,-102.66,-0.453837956,0,,0,1000000,0
718,43479.72,,187.88000000000466,0.7637609864250685,0,,0,1000000,0
719,43379.53,,-100.19,-0.443486647,0,,0,1000000,0
720,43498.18,,118.65000000000146,0.47363097067667925,0,,0,1000000,0
721,43397.58,,-100.6,-0.44520488,0,,0,1000000,0
722,43375.25,,-22.33,-0.117189911,0,,0,1000000,0
723,43548.62,,173.37000000000262,0.7029522831387833,0,,0,1000000,0
724,43552.07,,3.4499999999970896,-0.00915074,0,,0,1000000,0
725,43543.9,,-8.17,-0.057847992,0,,0,1000000,0
726,43329.94,,-213.96,-0.920275494,0,,0,1000000,0
727,42942.78,,-387.16,-1.646124385,0,,0,1000000,0
728,42931.91,,-10.87,-0.069163188,0,,0,1000000,0
729,42766.37,,-165.54,-0.717356306,0,,0,1000000,0
730,42865.75,,99.37999999999738,0.3928739953267964,0,,0,1000000,0
731,42916.64,,50.88999999999942,0.18966145071263843,0,,0,1000000,0
732,42947.49,,30.849999999998545,0.10567754899954139,0,,0,1000000,0
733,42959.35,,11.860000000000582,0.026094001418130605,0,,0,1000000,0
734,42955.26,,-4.09,-0.040749473,0,,0,1000000,0
735,43022.78,,67.52,0.25935467853142696,0,,0,1000000,0
736,42954.65,,-68.13,-0.309129167,0,,0,1000000,0
737,42622.95,,-331.7,-1.41370187,0,,0,1000000,0
738,42366.82,,-256.13,-1.097002097,0,,0,1000000,0
739,42618.1,,251.27999999999884,1.0294585597089823,0,,0,1000000,0
740,42595.38,,-22.72,-0.118824328,0,,0,1000000,0
741,42764.52,,169.13999999999942,0.6852251422083115,0,,0,1000000,0
742,42856.82,,92.30000000000291,0.36320303603896026,0,,0,1000000,0
743,43352.97,,496.15000000000146,2.055663051,0,,0,1000000,0
744,43465.67,,112.69999999999709,0.44869563059717466,0,,0,1000000,0
745,43706.5,,240.83000000000175,0.9856645590651908,0,,0,1000000,0
746,43498.14,,-208.36,-0.896806938,0,,0,1000000,0
747,43315.83,,-182.31,-0.787636248,0,,0,1000000,0
748,42524.73,,-791.1,-3.338961573,0,,0,1000000,0
749,42461.38,,-63.35,-0.289097079,0,,0,1000000,0
750,42634.7,,173.3199999999997,0.7027427424658342,0,,0,1000000,0
751,42548.08,,-86.62,-0.386617308,0,,0,1000000,0
752,42447.07,,-101.01,-0.446923114,0,,0,1000000,0
753,41947.79,,-499.28,-2.11599839,0,,0,1000000,0
754,42117.28,,169.48999999999796,0.6866919269188635,0,,0,1000000,0
755,41972.65,,-144.63,-0.629726397,0,,0,1000000,0
756,42025.3,,52.650000000001455,0.1970372824000244,0,,0,1000000,0
757,42107.77,,82.46999999999389,0.3220073397395358,0,,0,1000000,0
758,42151.19,,43.42000000000553,0.1583560741758972,0,,0,1000000,0
759,42147.88,,-3.31,-0.037480639,0,,0,1000000,0
760,42200,,52.12000000000262,0.19481615126689858,0,,0,1000000,0
761,42112.25,,-87.75,-0.391352927,0,,0,1000000,0
762,42183.84,,71.58999999999651,0.27641128930848613,0,,0,1000000,0
763,42042.98,,-140.86,-0.61392703,0,,0,1000000,0
764,42104.33,,61.349999999998545,0.23349735949102582,0,,0,1000000,0
765,42189.1,,84.77,0.33164621069464356,0,,0,1000000,0
766,42637.05,,447.95000000000437,1.8536658426388495,0,,0,1000000,0
767,42491,,-146.05,-0.635677352,0,,0,1000000,0
768,42644.1,,153.09999999999854,0.6180044943301634,0,,0,1000000,0
769,42907.66,,263.56000000000495,1.0809217489823006,0,,0,1000000,0
770,42837.15,,-70.51,-0.319103303,0,,0,1000000,0
771,43209.45,,372.29999999999563,1.536630804485344,0,,0,1000000,0
772,43001.81,,-207.64,-0.893789553,0,,0,1000000,0
773,43079.55,,77.74000000000524,0.30218479207975646,0,,0,1000000,0
774,42918.1,,-161.45,-0.700215879,0,,0,1000000,0
775,43078.81,,160.70999999999913,0.6498965847511557,0,,0,1000000,0
776,43155.74,,76.93000000000029,0.2987902331781586,0,,0,1000000,0
777,43109.6,,-46.14,-0.216973179,0,,0,1000000,0
778,43068.59,,-41.01,-0.195474306,0,,0,1000000,0
779,43015.73,,-52.86,-0.245135446,0,,0,1000000,0
780,42943.94,,-71.79,-0.324467544,0,,0,1000000,0
781,43085.62,,141.6800000000003,0.5701454046313919,0,,0,1000000,0
782,43138.99,,53.36999999999534,0.20005466809028957,0,,0,1000000,0
783,43067.05,,-71.94,-0.325096166,0,,0,1000000,0
784,42989.87,,-77.18,-0.347056029,0,,0,1000000,0
785,42963.85,,-26.02,-0.132654012,0,,0,1000000,0
786,43100.61,,136.76000000000204,0.5495266024144122,0,,0,1000000,0
787,43135.83,,35.220000000001164,0.1239914038142339,0,,0,1000000,0
788,43122.11,,-13.72,-0.081107007,0,,0,1000000,0
789,42668.91,,-453.2,-1.922885706,0,,0,1000000,0
790,42767.02,,98.11,0.38755166223418314,0,,0,1000000,0
791,43215.29,,448.2700000000041,1.8550069029456442,0,,0,1000000,0
792,43190.07,,-25.22,-0.129301362,0,,0,1000000,0
793,42929.65,,-260.42,-1.114980687,0,,0,1000000,0
794,42905.05,,-24.6,-0.126703057,0,,0,1000000,0
795,43042.7,,137.64999999999418,0.5532564263926554,0,,0,1000000,0
796,42935.23,,-107.47,-0.473995769,0,,0,1000000,0
797,42977.27,,42.04,0.15257275160278985,0,,0,1000000,0
798,43183.5,,206.2300000000032,0.8406624133928899,0,,0,1000000,0
799,43181.66,,-1.84,-0.031320143,0,,0,1000000,0
800,43208.92,,27.25999999999476,0.090632529,0,,0,1000000,0
801,43194.47,,-14.45,-0.084166301,0,,0,1000000,0
802,43169.7,,-24.77,-0.127415496,0,,0,1000000,0
803,43159.19,,-10.51,-0.067654496,0,,0,1000000,0
804,43175.68,,16.489999999997963,0.045497468,0,,0,1000000,0
805,43154.82,,-20.86,-0.111029415,0,,0,1000000,0
806,43078.66,,-76.16,-0.342781399,0,,0,1000000,0
807,43043.82,,-34.84,-0.169616987,0,,0,1000000,0
808,43002.11,,-41.71,-0.198407876,0,,0,1000000,0
809,43076.58,,74.47000000000116,0.2884808320696688,0,,0,1000000,0
810,43050.7,,-25.88,-0.132067299,0,,0,1000000,0
811,42978.07,,-72.63,-0.327987828,0,,0,1000000,0
812,43051.96,,73.88999999999942,0.28605016026359387,0,,0,1000000,0
813,43054.21,,2.25,-0.014179716,0,,0,1000000,0
814,43028.01,,-26.2,-0.133408359,0,,0,1000000,0
815,43108.65,,80.63999999999942,0.31433815111006996,0,,0,1000000,0
816,43075.86,,-32.79,-0.16102582,0,,0,1000000,0
817,43217.39,,141.52999999999884,0.5695167826125752,0,,0,1000000,0
818,43058.55,,-158.84,-0.689277856,0,,0,1000000,0
819,43045.45,,-13.1,-0.078508703,0,,0,1000000,0
820,43053.49,,8.040000000000873,0.010085094,0,,0,1000000,0
821,43030.36,,-23.13,-0.120542562,0,,0,1000000,0
822,43024.77,,-5.59,-0.047035693,0,,0,1000000,0
823,43010.67,,-14.1,-0.082699516,0,,0,1000000,0
824,43000.88,,-9.79,-0.06463711,0,,0,1000000,0
825,43023.24,,22.360000000000582,0.070097543,0,,0,1000000,0
826,43000.84,,-22.4,-0.117483268,0,,0,1000000,0
827,43014.4,,13.560000000004948,0.033218384,0,,0,1000000,0
828,42908.18,,-106.22,-0.468757252,0,,0,1000000,0
829,42874.78,,-33.4,-0.163582216,0,,0,1000000,0
830,42742.31,,-132.47,-0.578766105,0,,0,1000000,0
831,42822.79,,80.48,0.3136676209566878,0,,0,1000000,0
832,42787.79,,-35,-0.170287517,0,,0,1000000,0
833,42923.39,,135.59999999999854,0.5446652588022625,0,,0,1000000,0
834,42927.65,,4.260000000002037,-0.005756181,0,,0,1000000,0
835,43043.21,,115.55999999999767,0.46068135708916547,0,,0,1000000,0
836,42973.32,,-69.89,-0.316504999,0,,0,1000000,0
837,42980.95,,7.629999999997381,0.00836686,0,,0,1000000,0
838,42859.78,,-121.17,-0.531409913,0,,0,1000000,0
839,42926.79,,67.01000000000204,0.257217364,0,,0,1000000,0
840,42895,,-31.79,-0.156835006,0,,0,1000000,0
841,42881.84,,-13.16,-0.078760151,0,,0,1000000,0
842,42774.07,,-107.77,-0.475253013,0,,0,1000000,0
843,42624.72,,-149.35,-0.649507036,0,,0,1000000,0
844,42862.84,,238.11999999999534,0.9743074545919862,0,,0,1000000,0
845,42758.26,,-104.58,-0.461884318,0,,0,1000000,0
846,42561.45,,-196.81,-0.848403043,0,,0,1000000,0
847,42568.55,,7.100000000005821,0.006145729,0,,0,1000000,0
848,42333.93,,-234.62,-1.0068577,0,,0,1000000,0
849,42499.09,,165.15999999999622,0.6685457046425242,0,,0,1000000,0
850,42420.19,,-78.9,-0.354264228,0,,0,1000000,0
851,42682.98,,262.7900000000009,1.077694822619056,0,,0,1000000,0
852,42708.29,,25.30999999999767,0.082460442,0,,0,1000000,0
853,42745.6,,37.30999999999767,0.132750204,0,,0,1000000,0
854,42783.19,,37.59000000000378,0.13392363171145202,0,,0,1000000,0
855,43036.76,,253.5699999999997,1.0390555225294942,0,,0,1000000,0
856,42994.91,,-41.85,-0.198994589,0,,0,1000000,0
857,42992.88,,-2.03,-0.032116398,0,,0,1000000,0
858,43101.93,,109.05000000000291,0.43339916147280827,0,,0,1000000,0
859,43155.05,,53.12000000000262,0.19900696472563578,0,,0,1000000,0
860,43216.22,,61.169999999998254,0.23274301306845188,0,,0,1000000,0
861,43412.11,,195.88999999999942,0.7973294022295315,0,,0,1000000,0
862,43150.84,,-261.27,-1.118542879,0,,0,1000000,0
863,42596.32,,-554.52,-2.347498925,0,,0,1000000,0
864,42678.21,,81.88999999999942,0.31957666793349143,0,,0,1000000,0
865,42664.22,,-13.99,-0.082238526,0,,0,1000000,0
866,42675.45,,11.229999999995925,0.023453788939106657,0,,0,1000000,0
867,42717.41,,41.96,0.15223748652614455,0,,0,1000000,0
868,42376.3,,-341.11,-1.453137425,0,,0,1000000,0
869,42327.62,,-48.68,-0.227617845,0,,0,1000000,0
870,42451.07,,123.44999999999709,0.49374687527859945,0,,0,1000000,0
871,42657.67,,206.59999999999854,0.8422130143726032,0,,0,1000000,0
872,42552.17,,-105.5,-0.465739866,0,,0,1000000,0
873,42618.33,,66.16000000000349,0.25365517222757245,0,,0,1000000,0
874,42795.55,,177.22000000000116,0.7190869149549154,0,,0,1000000,0
875,42800.34,,4.789999999993597,-0.00353505,0,,0,1000000,0
876,42779.62,,-20.72,-0.110442701,0,,0,1000000,0
877,42731.6,,-48.02,-0.224851908,0,,0,1000000,0
878,42729.31,,-2.29,-0.033206009,0,,0,1000000,0
879,42828.9,,99.59000000000378,0.39375406615315806,0,,0,1000000,0
880,43025.45,,196.54999999999563,0.8000953391122823,0,,0,1000000,0
881,42950.59,,-74.86,-0.337333342,0,,0,1000000,0
882,42753.33,,-197.26,-0.850288909,0,,0,1000000,0
883,42784.73,,31.400000000001455,0.10798249640185904,0,,0,1000000,0
884,42742.27,,-42.46,-0.201550986,0,,0,1000000,0
885,42835.66,,93.39,0.36777102270899964,0,,0,1000000,0
886,42900,,64.33999999999651,0.24602789173264147,0,,0,1000000,0
887,43212.92,,312.91999999999825,1.2877803013055404,0,,0,1000000,0
888,43151.77,,-61.15,-0.279877289,0,,0,1000000,0
889,43170.18,,18.410000000003492,0.053543829572871425,0,,0,1000000,0
890,43186.49,,16.30999999999767,0.044743121,0,,0,1000000,0
891,43261.43,,74.94000000000233,0.29045051439528013,0,,0,1000000,0
892,43092,,-169.43,-0.733658571,0,,0,1000000,0
893,43160.56,,68.55999999999767,0.2637131245285173,0,,0,1000000,0
894,43195.42,,34.86000000000058,0.12248271096908607,0,,0,1000000,0
895,43095.79,,-99.63,-0.441139791,0,,0,1000000,0
896,43080.42,,-15.37,-0.088021849,0,,0,1000000,0
897,43033.78,,-46.64,-0.219068586,0,,0,1000000,0
898,43025.56,,-8.22,-0.058057533,0,,0,1000000,0
899,42774.76,,-250.8,-1.074665062,0,,0,1000000,0
900,42897.73,,122.97000000000116,0.4917352848184227,0,,0,1000000,0
901,43000.58,,102.84999999999854,0.4074161180286194,0,,0,1000000,0
902,42925.8,,-74.78,-0.336998077,0,,0,1000000,0
903,42886.08,,-39.72,-0.190068157,0,,0,1000000,0
904,42915.7,,29.619999999995343,0.10052284844528123,0,,0,1000000,0
905,43119.2,,203.5,0.829221493,0,,0,1000000,0
906,42871.81,,-247.39,-1.060374388,0,,0,1000000,0
907,42910.27,,38.45999999999913,0.13756963942053388,0,,0,1000000,0
908,43051.76,,141.49000000000524,0.5693491500742526,0,,0,1000000,0
909,43128.03,,76.27,0.2960242962953774,0,,0,1000000,0
910,43010.16,,-117.87,-0.517580229,0,,0,1000000,0
911,43042.9,,32.73999999999796,0.11359818643655224,0,,0,1000000,0
912,43208.37,,165.47000000000116,0.6698448568147534,0,,0,1000000,0
913,43471.7,,263.32999999999447,1.0799578618867471,0,,0,1000000,0
914,43630.61,,158.9100000000035,0.6423531205254471,0,,0,1000000,0
915,43603.87,,-26.74,-0.135671398,0,,0,1000000,0
916,44129.57,,525.6999999999971,2.179501589055636,0,,0,1000000,0
917,44204.72,,75.15000000000146,0.29133058522161126,0,,0,1000000,0
918,44161.02,,-43.7,-0.206747594,0,,0,1000000,0
919,44343.61,,182.59000000000378,0.7415915832283452,0,,0,1000000,0
920,44671.39,,327.77999999999884,1.3500557893023777,0,,0,1000000,0
921,44662.51,,-8.88,-0.06082347,0,,0,1000000,0
922,44651.03,,-11.48,-0.071719585,0,,0,1000000,0
923,44537.93,,-113.1,-0.497590048,0,,0,1000000,0
924,44482.68,,-55.25,-0.25515149,0,,0,1000000,0
925,44552.38,,69.69999999999709,0.2684906518714753,0,,0,1000000,0
926,44464.7,,-87.68,-0.39105957,0,,0,1000000,0
927,44511.27,,46.56999999999971,0.17155713657089497,0,,0,1000000,0
928,44710.89,,199.62000000000262,0.8129611364306346,0,,0,1000000,0
929,44678.17,,-32.72,-0.160732463,0,,0,1000000,0
930,44817.57,,139.40000000000146,0.56059035,0,,0,1000000,0
931,44699.38,,-118.19,-0.518921289,0,,0,1000000,0
932,44697.11,,-2.27,-0.033122193,0,,0,1000000,0
933,44982.2,,285.0899999999965,1.171149962748877,0,,0,1000000,0
934,45080.22,,98.02000000000407,0.3871744890229419,0,,0,1000000,0
935,45457.59,,377.36999999999534,1.5578782287211403,0,,0,1000000,0
936,45065.06,,-392.53,-1.668629053,0,,0,1000000,0
937,45042.04,,-23.02,-0.120081572,0,,0,1000000,0
938,45312.08,,270.0400000000009,1.1080782201949007,0,,0,1000000,0
939,45296.19,,-15.89,-0.090201072,0,,0,1000000,0
940,45527.61,,231.41999999999825,0.9462290044184591,0,,0,1000000,0
941,45334.97,,-192.64,-0.830927351,0,,0,1000000,0
942,45287.41,,-47.56,-0.222924134,0,,0,1000000,0
943,45305.2,,17.789999999993597,0.050945525,0,,0,1000000,0
944,45305.41,,0.21000000000640284,-0.022728975,0,,0,1000000,0
945,45503.17,,197.75999999999476,0.8051662233973506,0,,0,1000000,0
946,46284.18,,781.01,3.2494581732058494,0,,0,1000000,0
947,46053.26,,-230.92,-0.99135169,0,,0,1000000,0
948,45961.21,,-92.05,-0.409373425,0,,0,1000000,0
949,46268.35,,307.1399999999994,1.2635573995140443,0,,0,1000000,0
950,46197.31,,-71.04,-0.321324434,0,,0,1000000,0
951,46217.18,,19.87000000000262,0.059662417,0,,0,1000000,0
952,46646.66,,429.4800000000032,1.7762615180559687,0,,0,1000000,0
953,46536.13,,-110.53,-0.486819658,0,,0,1000000,0
954,46790.07,,253.94000000000233,1.0406061235092379,0,,0,1000000,0
955,47186.88,,396.8099999999977,1.6393476423590012,0,,0,1000000,0
956,47322.41,,135.5300000000061,0.5443719018601825,0,,0,1000000,0
957,47475,,152.5899999999965,0.6158671794661988,0,,0,1000000,0
958,47062.66,,-412.34,-1.751649068,0,,0,1000000,0
959,47178.13,,115.46999999999389,0.46030418387786326,0,,0,1000000,0
960,47290.04,,111.91000000000349,0.4453848879647991,0,,0,1000000,0
961,47680.78,,390.73999999999796,1.6139094046644678,0,,0,1000000,0
962,47615.97,,-64.81,-0.295215666,0,,0,1000000,0
963,47537.31,,-78.66,-0.353258433,0,,0,1000000,0
964,47559.63,,22.31999999999971,0.06992991,0,,0,1000000,0
965,47548.67,,-10.96,-0.069540362,0,,0,1000000,0
966,47310.74,,-237.93,-1.020729292,0,,0,1000000,0
967,47160.41,,-150.33,-0.653614033,0,,0,1000000,0
968,47111.45,,-48.96,-0.228791273,0,,0,1000000,0
969,47324.75,,213.3000000000029,0.8702914645461607,0,,0,1000000,0
970,47342.2,,17.44999999999709,0.049520649,0,,0,1000000,0
971,47404.92,,62.720000000001164,0.23923877392950674,0,,0,1000000,0
972,47448.25,,43.330000000001746,0.157978901,0,,0,1000000,0
973,47370.44,,-77.81,-0.349696241,0,,0,1000000,0