timestamp,open,high,low,close,volume
2025-02-28 16:00:00,83992.78,84921.99,83474.34,84354.83,1453.02881705
2025-02-28 17:00:00,84354.85,84410.76,83547.92,83592.08,914.53990994
2025-02-28 18:00:00,83592.07,85116.19,83172.86,84423.64,1392.08400822
2025-02-28 19:00:00,84411.45,84786.18,84181.64,84403.17,750.23039915
2025-02-28 20:00:00,84403.17,84780.68,83556.96,84155.16,1244.08454232
2025-02-28 21:00:00,84155.14,84569.76,83950.77,84192.75,594.30302301
2025-02-28 22:00:00,84193.05,84425.0,83827.84,84100.11,287.1634355
2025-02-28 23:00:00,84100.11,84500.0,83958.0,84297.73,157.05882158
2025-03-01 00:00:00,84297.74,84574.12,83772.54,83811.74,180.00406755
2025-03-01 01:00:00,83811.74,84806.72,83787.68,84600.01,246.52643548
2025-03-01 02:00:00,84604.58,85632.37,84304.51,85195.71,479.1130517
2025-03-01 03:00:00,85204.07,85476.47,84913.96,85302.99,284.7192762
2025-03-01 04:00:00,85294.47,86534.96,85279.8,86154.16,486.03125864
2025-03-01 05:00:00,86154.16,86250.0,85537.54,85562.68,248.8612363
2025-03-01 06:00:00,85568.32,85637.78,84807.88,85029.06,275.0709185
2025-03-01 07:00:00,85029.06,85029.06,84688.53,84691.34,914.90739347
2025-03-01 08:00:00,84694.22,85309.04,84694.22,85279.43,146.4345737
2025-03-01 09:00:00,85279.43,85482.79,85090.6,85353.75,156.46533383
2025-03-01 10:00:00,85353.75,85414.43,84767.34,84864.95,160.62877187
2025-03-01 11:00:00,84864.94,84937.8,84342.25,84601.34,213.48782712
2025-03-01 12:00:00,84602.57,84909.77,84433.81,84730.34,108.60704079
2025-03-01 13:00:00,84730.34,84916.95,84300.41,84494.95,153.17428568
2025-03-01 14:00:00,84494.95,84821.93,84371.24,84675.17,148.52093086
2025-03-01 15:00:00,84671.94,84849.99,84500.63,84750.05,315.13681609
2025-03-01 16:00:00,84750.06,85239.62,84654.45,85225.42,404.11781092
2025-03-01 17:00:00,85225.41,85332.92,84910.8,85164.06,336.9520733
2025-03-01 18:00:00,85164.05,85297.98,85023.68,85269.34,252.97051903
2025-03-01 19:00:00,85270.24,85519.6,85153.04,85438.94,356.1445873
2025-03-01 20:00:00,85441.88,85545.3,85282.58,85501.54,185.5521064
2025-03-01 21:00:00,85501.53,86119.42,85248.2,86039.19,224.05209422
2025-03-01 22:00:00,86044.35,86235.93,85633.58,86077.86,401.98453493
2025-03-01 23:00:00,86077.86,86164.07,85623.08,86018.76,173.08118232
2025-03-02 00:00:00,86018.82,86272.61,85761.18,85978.47,172.68227648
2025-03-02 01:00:00,85978.48,86324.63,85950.0,86317.13,169.89217084
2025-03-02 02:00:00,86317.13,86465.0,85573.46,85733.16,191.89752467
2025-03-02 03:00:00,85735.87,86170.23,85719.41,85817.52,122.13363994
2025-03-02 04:00:00,85819.52,85839.17,85485.09,85699.79,116.53767275
2025-03-02 05:00:00,85699.79,86000.0,85620.0,85905.36,57.98912387
2025-03-02 06:00:00,85906.04,86500.0,85866.98,86217.66,119.59229279
2025-03-02 07:00:00,86217.66,86305.56,86025.5,86189.19,69.83386747
2025-03-02 08:00:00,86189.19,86218.29,85668.33,85708.59,142.65151405
2025-03-02 09:00:00,85708.69,86088.64,85615.0,85862.49,77.58206273
2025-03-02 10:00:00,85862.49,85971.95,85757.13,85964.77,58.23518
2025-03-02 11:00:00,85960.12,86199.98,85914.58,86061.79,62.78569144
2025-03-02 12:00:00,86061.79,86073.39,85701.23,85958.29,64.98777724
2025-03-02 13:00:00,85958.34,85959.9,85441.78,85671.67,114.17297015
2025-03-02 14:00:00,85671.0,85871.58,85003.35,85074.57,364.46555128
2025-03-02 15:00:00,85074.79,88677.0,85017.65,87414.26,2685.81544118
2025-03-02 16:00:00,87418.32,91982.55,87311.68,91230.3,4757.92410551
2025-03-02 17:00:00,91243.55,95128.88,90658.73,94120.0,2828.03251541
2025-03-02 18:00:00,94120.0,94450.0,92292.35,92785.19,1308.77398989
2025-03-02 19:00:00,92785.32,93766.0,92592.27,93521.62,798.12386309
2025-03-02 20:00:00,93518.92,94470.0,93500.0,94350.87,642.00776051
2025-03-02 21:00:00,94353.29,94450.0,93655.93,94282.09,587.56682976
2025-03-02 22:00:00,94276.8,94750.0,93892.03,94230.48,396.75609005
2025-03-02 23:00:00,94230.4,94850.0,93829.27,94265.48,840.78981886
2025-03-03 00:00:00,94265.47,94415.61,93259.79,93281.69,681.47436161
2025-03-03 01:00:00,93281.69,93381.89,92626.18,93056.43,589.60436455
2025-03-03 02:00:00,93056.43,93440.82,92409.63,93282.27,455.53828445
2025-03-03 03:00:00,93282.27,93407.41,92427.26,92672.93,365.17587072
2025-03-03 04:00:00,92673.19,92929.01,92550.01,92836.04,286.80748208
2025-03-03 05:00:00,92836.1,93321.57,92797.8,93309.21,309.29618521
2025-03-03 06:00:00,93315.56,93315.56,91288.0,91608.09,469.34131293
2025-03-03 07:00:00,91608.09,92539.36,91141.44,92338.19,590.55089836
2025-03-03 08:00:00,92338.81,92373.51,91107.71,91448.22,325.19015659
2025-03-03 09:00:00,91446.55,92025.99,91150.0,91795.58,475.84571009
2025-03-03 10:00:00,91795.57,92546.25,91500.01,92523.46,291.07618583
2025-03-03 11:00:00,92509.46,92876.4,92378.13,92709.31,417.47592674
2025-03-03 12:00:00,92705.0,93221.98,92618.7,92987.95,533.6978033
2025-03-03 13:00:00,92987.96,93665.57,92838.56,93562.64,467.77996838
2025-03-03 14:00:00,93561.11,93714.52,89100.0,89188.42,2710.16038533
2025-03-03 15:00:00,89194.72,91254.32,89038.66,89962.96,2585.09968851
2025-03-03 16:00:00,89962.93,90677.37,89535.6,90083.33,899.23611285
2025-03-03 17:00:00,90082.99,90939.45,89824.82,90235.37,608.34630969
2025-03-03 18:00:00,90245.75,90392.06,86702.48,87076.42,2832.56662568
2025-03-03 19:00:00,87067.61,87680.99,85450.0,85510.54,2208.99579452
2025-03-03 20:00:00,85517.19,86336.47,85085.0,85989.99,2288.74736552
2025-03-03 21:00:00,85989.99,86500.0,85007.01,85314.68,884.4411552
2025-03-03 22:00:00,85314.68,86977.35,85239.86,86579.45,604.73050247
2025-03-03 23:00:00,86579.44,86746.6,85927.3,86161.1,810.49223553
2025-03-04 00:00:00,86161.09,86726.4,85805.91,85971.7,662.48969968
2025-03-04 01:00:00,85971.38,86136.12,82578.61,83317.66,2082.92553147
2025-03-04 02:00:00,83325.75,84350.14,82405.43,83850.73,1467.18899886
2025-03-04 03:00:00,83862.15,84395.98,83566.0,83929.9,573.20988901
2025-03-04 04:00:00,83939.82,84000.63,83274.79,83357.02,450.89179824
2025-03-04 05:00:00,83374.25,84500.0,83304.6,84220.09,412.73099493
2025-03-04 06:00:00,84215.53,84355.1,83530.7,83807.88,295.70847902
2025-03-04 07:00:00,83807.88,83960.64,83086.76,83133.92,325.29105167
2025-03-04 08:00:00,83133.92,83892.62,82982.17,83847.51,523.98344537
2025-03-04 09:00:00,83850.01,84145.84,83582.87,83695.27,291.63095067
2025-03-04 10:00:00,83699.22,84007.98,83450.0,83918.13,273.11018862
2025-03-04 11:00:00,83906.94,84329.99,83650.0,83891.42,252.18931102
2025-03-04 12:00:00,83891.75,83933.42,83228.76,83720.5,595.75507411
2025-03-04 13:00:00,83718.76,83720.5,82252.25,82751.94,957.15630665
2025-03-04 14:00:00,82754.78,84899.99,82010.41,83142.03,2682.78808982
2025-03-04 15:00:00,83137.85,83311.9,81444.0,82907.99,1914.25140526
2025-03-04 16:00:00,82911.98,83750.0,81953.03,83512.98,979.77625456
2025-03-04 17:00:00,83510.49,85500.0,83352.31,85418.77,1618.77908427
2025-03-04 18:00:00,85411.78,86924.66,85102.5,86747.95,1526.66786296
2025-03-04 19:00:00,86747.48,88489.99,86526.76,88205.81,1743.28669216
2025-03-04 20:00:00,88198.25,88847.0,86653.52,86813.52,1813.6351085
2025-03-04 21:00:00,86833.87,88977.27,86568.8,87500.75,1101.11261129
2025-03-04 22:00:00,87500.78,87951.49,87383.72,87464.63,262.70654858
2025-03-04 23:00:00,87464.63,87731.47,87056.6,87249.96,323.10560982
2025-03-05 00:00:00,87247.93,87255.03,86329.22,86767.0,521.67833646
2025-03-05 01:00:00,86764.35,87774.99,86568.2,87607.79,550.46569427
2025-03-05 02:00:00,87607.77,87864.9,87010.32,87448.8,382.10693594
2025-03-05 03:00:00,87437.96,87871.38,86750.0,86810.0,370.52102749
2025-03-05 04:00:00,86810.0,87383.21,86685.45,86891.31,317.48654673
2025-03-05 05:00:00,86891.31,87231.2,86806.33,87116.95,116.62657023
2025-03-05 06:00:00,87116.97,87547.41,86965.37,87459.24,117.86303145
2025-03-05 07:00:00,87459.24,87700.0,87322.3,87594.53,180.59859545
2025-03-05 08:00:00,87598.64,87903.03,87569.08,87739.5,174.59042404
2025-03-05 09:00:00,87736.72,88807.94,87649.28,88452.12,338.82893004
2025-03-05 10:00:00,88460.63,90645.36,88350.0,89916.36,520.08719844
2025-03-05 11:00:00,89924.14,90116.99,89545.0,89809.09,321.41892772
2025-03-05 12:00:00,89804.58,90943.34,89790.09,90356.11,760.22193561
2025-03-05 13:00:00,90352.4,90599.0,89108.58,89461.4,1033.35541366
2025-03-05 14:00:00,89461.4,89841.89,88088.31,88517.61,1516.33568019
2025-03-05 15:00:00,88517.61,89580.52,87894.17,88320.07,1684.10902981
2025-03-05 16:00:00,88320.07,89238.77,87547.8,88894.25,1001.99665567
2025-03-05 17:00:00,88885.64,90500.0,88759.25,89679.21,1097.24238593
2025-03-05 18:00:00,89674.34,89929.56,88801.78,89696.64,919.61489729
2025-03-05 19:00:00,89701.01,90137.3,89446.15,89731.38,610.098174
2025-03-05 20:00:00,89737.6,90564.17,89649.28,90499.79,1173.77806151
2025-03-05 21:00:00,90495.51,90675.07,89922.25,90365.37,531.11956815
2025-03-05 22:00:00,90364.84,90534.48,90010.0,90445.2,336.92076666
2025-03-05 23:00:00,90445.2,91000.0,90289.48,90603.73,323.8691788
2025-03-06 00:00:00,90607.73,90828.0,89972.74,90047.92,496.88196228
2025-03-06 01:00:00,90054.65,91899.99,90032.36,91053.02,415.91882777
2025-03-06 02:00:00,91045.38,92000.0,90995.11,91808.78,440.81934319
2025-03-06 03:00:00,91808.78,92000.0,91400.0,91610.85,337.97907592
2025-03-06 04:00:00,91604.72,92457.19,91516.15,92273.12,287.22710942
2025-03-06 05:00:00,92288.09,92817.29,92125.01,92733.92,312.52155425
2025-03-06 06:00:00,92739.98,92767.6,91754.2,91912.52,312.02816521
2025-03-06 07:00:00,91913.72,91994.53,91241.54,91332.31,235.05479913
2025-03-06 08:00:00,91335.41,91604.0,91103.18,91172.14,304.81742197
2025-03-06 09:00:00,91147.02,91173.67,90605.39,90748.94,271.14643613
2025-03-06 10:00:00,90748.93,91662.15,90601.0,91285.78,243.40294433
2025-03-06 11:00:00,91286.3,91590.94,90992.32,91347.32,263.26354652
2025-03-06 12:00:00,91347.32,91392.93,89814.8,90084.09,524.01008661
2025-03-06 13:00:00,90078.85,90466.63,89442.66,89537.97,541.32447019
2025-03-06 14:00:00,89537.97,90382.71,89079.0,89789.86,1071.47457727
2025-03-06 15:00:00,89789.9,91463.3,89600.0,90813.77,992.87501998
2025-03-06 16:00:00,90819.61,91074.17,89205.18,89302.28,754.51139943
2025-03-06 17:00:00,89302.28,89335.08,87960.77,88597.9,1420.37913569
2025-03-06 18:00:00,88605.22,89000.0,88108.71,88407.36,662.39410356
2025-03-06 19:00:00,88397.9,89397.12,87790.5,88512.32,936.32775824
2025-03-06 20:00:00,88519.75,89346.4,88448.89,89019.08,759.83422752
2025-03-06 21:00:00,89024.05,89890.72,88947.42,89890.72,462.40426591
2025-03-06 22:00:00,89897.91,90807.7,89503.4,90304.75,899.22459489
2025-03-06 23:00:00,90307.68,90575.59,89888.09,89921.85,356.86743825
2025-03-07 00:00:00,89915.02,91280.0,84608.27,85515.27,3837.77673832
2025-03-07 01:00:00,85519.34,88929.53,85191.35,88257.8,2325.07994179
2025-03-07 02:00:00,88271.64,88470.62,87232.24,87246.27,809.37475686
2025-03-07 03:00:00,87243.25,87693.83,86762.87,86977.98,495.3906736
2025-03-07 04:00:00,86973.38,87887.28,86834.89,87621.8,373.33655644
2025-03-07 05:00:00,87629.26,88432.77,87572.69,88217.09,382.82168627
2025-03-07 06:00:00,88217.09,88343.38,87762.02,88208.81,253.69495247
2025-03-07 07:00:00,88208.8,88618.69,88083.6,88356.65,250.68977474
2025-03-07 08:00:00,88356.65,88473.5,87983.01,88372.88,208.75823199
2025-03-07 09:00:00,88354.6,89700.0,88345.08,88940.39,564.92105866
2025-03-07 10:00:00,88940.4,89295.52,88741.48,89268.43,205.98432008
2025-03-07 11:00:00,89268.44,89452.99,88819.0,88965.44,224.92130204
2025-03-07 12:00:00,88965.44,89340.11,88322.47,89038.22,732.82674066
2025-03-07 13:00:00,89038.01,90351.15,88963.98,89149.98,1384.82516862
2025-03-07 14:00:00,89149.98,91116.43,88651.36,90445.82,2152.70937697
2025-03-07 15:00:00,90443.61,90800.01,87996.91,88433.86,2159.02756299
2025-03-07 16:00:00,88419.87,88942.23,86550.0,87163.36,2765.75733236
2025-03-07 17:00:00,87165.64,88620.63,86478.52,87637.54,1608.6372192
2025-03-07 18:00:00,87652.59,89020.82,87444.71,88562.72,1052.89141111
2025-03-07 19:00:00,88562.72,88882.22,87285.65,87773.72,641.16025818
2025-03-07 20:00:00,87772.11,88467.33,86510.49,86970.66,1802.25073122
2025-03-07 21:00:00,86941.69,87327.16,85564.08,86293.67,1957.52028837
2025-03-07 22:00:00,86276.48,86827.28,85579.83,86708.91,551.23973091
2025-03-07 23:00:00,86708.9,86801.86,85938.64,86756.98,395.60641635
2025-03-08 00:00:00,86753.3,86863.38,86483.16,86683.0,169.00675758
2025-03-08 01:00:00,86683.0,86734.51,85200.0,86074.22,530.94105596
2025-03-08 02:00:00,86074.08,86303.51,85900.2,86148.02,157.85422499
2025-03-08 03:00:00,86143.86,86153.63,85425.46,85891.34,172.37434102
2025-03-08 04:00:00,85891.35,86482.15,85626.02,86417.32,156.71926355
2025-03-08 05:00:00,86417.32,86445.51,85990.78,86249.81,73.77522124
2025-03-08 06:00:00,86249.81,86632.98,86229.96,86455.32,89.07964203
2025-03-08 07:00:00,86455.32,86522.71,86072.54,86173.19,81.94221028
2025-03-08 08:00:00,86163.13,86294.44,86012.3,86037.4,62.67142936
2025-03-08 09:00:00,86046.09,86429.43,85810.03,85905.16,70.03408739
2025-03-08 10:00:00,85917.13,86249.4,85915.36,86101.41,60.05155892
2025-03-08 11:00:00,86100.73,86100.73,85730.25,85915.46,75.31883288
2025-03-08 12:00:00,85922.09,86381.31,85773.01,86180.07,108.32119019
2025-03-08 13:00:00,86180.07,86499.95,86094.37,86298.79,101.74613466
2025-03-08 14:00:00,86299.66,86600.0,86189.55,86342.6,139.93284639
2025-03-08 15:00:00,86342.6,86594.55,86153.46,86371.4,103.01295086
2025-03-08 16:00:00,86371.4,86431.07,85767.11,86115.22,187.99814185
2025-03-08 17:00:00,86115.21,86126.04,85633.59,85920.07,162.00379475
2025-03-08 18:00:00,85911.48,86068.1,85843.81,86021.83,78.24632732
2025-03-08 19:00:00,86016.01,86500.0,85760.72,86199.07,142.87190821
2025-03-08 20:00:00,86200.16,86347.96,86158.56,86244.19,49.21302089
2025-03-08 21:00:00,86244.02,86490.73,86149.0,86212.92,83.01860607
2025-03-08 22:00:00,86205.76,86361.78,85838.48,86321.21,98.08997068
2025-03-08 23:00:00,86319.16,86375.11,86034.5,86206.69,69.02434943
2025-03-09 00:00:00,86206.64,86448.97,86089.01,86393.89,87.78762706
2025-03-09 01:00:00,86393.89,86480.0,86042.75,86169.04,71.88596297
2025-03-09 02:00:00,86169.05,86274.22,85971.93,85977.88,102.4462266
2025-03-09 03:00:00,85977.9,86203.53,85923.97,86088.5,60.92448876
2025-03-09 04:00:00,86090.77,86106.1,85906.97,86023.75,52.22948982
2025-03-09 05:00:00,86023.74,86135.55,85939.26,86004.1,49.67891324
2025-03-09 06:00:00,86000.2,86029.52,85790.56,85873.09,76.89428154
2025-03-09 07:00:00,85873.09,86151.18,85810.91,85980.0,30.13330904
2025-03-09 08:00:00,85979.99,86055.7,85751.0,85763.42,52.02918226
2025-03-09 09:00:00,85761.76,85860.64,85382.07,85540.6,73.3850681
2025-03-09 10:00:00,85540.58,85590.0,84681.67,84819.82,188.00059195
2025-03-09 11:00:00,84825.67,85083.66,84641.02,85004.95,149.07312068
2025-03-09 12:00:00,85004.71,85042.38,84196.74,84581.81,217.41541079
2025-03-09 13:00:00,84581.8,84679.89,83465.8,83468.81,347.80433462
2025-03-09 14:00:00,83478.75,83793.64,83000.0,83581.93,405.39278661
2025-03-09 15:00:00,83569.86,83744.08,82754.79,83056.6,335.44224198
2025-03-09 16:00:00,83056.59,83735.33,82300.0,82470.05,457.37495275
2025-03-09 17:00:00,82462.33,82925.55,82195.0,82343.05,549.4940616
2025-03-09 18:00:00,82343.04,83323.63,82232.84,82656.85,401.60156173
2025-03-09 19:00:00,82658.46,82975.9,82310.01,82617.4,320.68743517
2025-03-09 20:00:00,82617.4,83518.9,82600.6,83079.89,313.03923394
2025-03-09 21:00:00,83076.37,83095.92,81577.0,81829.13,637.56797331
2025-03-09 22:00:00,81829.13,82065.76,80131.27,80321.52,1534.56555901
2025-03-09 23:00:00,80321.32,81023.09,80000.0,80699.17,1050.59368208
2025-03-10 00:00:00,80708.21,81471.77,80027.0,81256.54,1020.36967488
2025-03-10 01:00:00,81256.54,81866.22,80793.18,81742.96,558.67971612
2025-03-10 02:00:00,81742.96,82737.0,81500.65,82188.67,675.6764397
2025-03-10 03:00:00,82186.09,82328.2,81777.77,82019.98,357.19349448
2025-03-10 04:00:00,82019.53,82642.86,81974.77,82619.32,240.41622943
2025-03-10 05:00:00,82619.33,82776.25,82107.01,82293.22,276.95971701
2025-03-10 06:00:00,82302.71,82405.65,81969.86,82316.04,216.52520244
2025-03-10 07:00:00,82318.86,82688.49,82008.92,82300.18,210.23962289
2025-03-10 08:00:00,82300.2,82375.94,81140.0,81344.11,249.65004843
2025-03-10 09:00:00,81344.11,84033.66,81315.09,82485.75,571.48219883
2025-03-10 10:00:00,82492.53,82689.0,81616.96,82280.19,254.56185451
2025-03-10 11:00:00,82280.19,83777.39,82042.86,83570.23,471.70559938
2025-03-10 12:00:00,83571.39,83768.0,82625.74,83244.88,461.65844487
2025-03-10 13:00:00,83244.89,83315.79,81380.0,81508.46,1384.33605935
2025-03-10 14:00:00,81508.45,81508.45,79134.11,79817.39,2889.37052868
2025-03-10 15:00:00,79813.94,81107.31,79524.78,80005.0,1285.7037141
2025-03-10 16:00:00,80000.01,80210.0,78918.01,78945.99,1269.57455705
2025-03-10 17:00:00,78954.11,79284.33,78133.08,78394.62,2858.43225962
2025-03-10 18:00:00,78391.75,79084.96,77439.19,77598.02,1606.43592479
2025-03-10 19:00:00,77588.99,79475.43,77389.0,79002.84,2495.32210586
2025-03-10 20:00:00,79001.78,79678.9,78350.01,79250.41,693.89805411
2025-03-10 21:00:00,79246.82,79826.74,78894.97,79511.29,498.84511144
2025-03-10 22:00:00,79511.63,79792.0,79143.83,79461.98,308.28835923
2025-03-10 23:00:00,79457.07,79667.58,78414.56,78544.71,519.77629277
2025-03-11 00:00:00,78548.18,79196.65,76555.0,77619.85,1701.79780645
2025-03-11 01:00:00,77619.85,79074.93,76756.48,79062.37,1017.54069691
2025-03-11 02:00:00,79062.38,79678.23,78877.07,79316.82,820.00215136
2025-03-11 03:00:00,79316.81,79900.0,79245.33,79494.47,445.18594844
2025-03-11 04:00:00,79483.28,80222.0,79404.98,79726.54,345.48901097
2025-03-11 05:00:00,79738.34,80432.83,79685.56,80224.46,236.86870209
2025-03-11 06:00:00,80224.46,80527.03,80065.74,80071.84,184.39578977
2025-03-11 07:00:00,80073.97,80585.54,80058.96,80399.74,236.07706623
2025-03-11 08:00:00,80397.49,81512.0,80303.32,81111.65,517.31940243
2025-03-11 09:00:00,81111.64,81889.35,81102.15,81444.84,281.06537549
2025-03-11 10:00:00,81444.85,81877.72,81261.35,81800.57,218.29518157
2025-03-11 11:00:00,81800.57,82088.77,81392.02,81705.72,292.98865712
2025-03-11 12:00:00,81704.03,81908.48,81028.63,81198.65,531.0703591
2025-03-11 13:00:00,81213.38,82276.4,80514.93,80874.43,1365.18401312
2025-03-11 14:00:00,80867.15,81353.87,79000.01,79724.64,1760.85508045
2025-03-11 15:00:00,79724.64,81644.0,79579.99,81201.43,1326.9850306
2025-03-11 16:00:00,81188.9,81871.62,80588.13,81360.86,941.93265346
2025-03-11 17:00:00,81356.85,81700.0,80741.26,81284.8,791.24028447
2025-03-11 18:00:00,81275.61,83517.23,81258.48,83267.38,1405.77326652
2025-03-11 19:00:00,83267.38,83600.0,82821.36,83071.91,1289.5739058
2025-03-11 20:00:00,83077.39,83153.58,82583.04,82780.09,501.96762455
2025-03-11 21:00:00,82780.94,83240.1,82770.81,83081.77,340.0476442
2025-03-11 22:00:00,83081.76,83295.0,82952.75,83112.8,264.20827743
2025-03-11 23:00:00,83112.8,83164.69,82517.47,82914.51,280.51587412
2025-03-12 00:00:00,82911.81,83118.94,82583.19,82746.43,169.28159602
2025-03-12 01:00:00,82746.43,83767.27,82727.95,83288.29,392.44384124
2025-03-12 02:00:00,83288.29,83313.13,82208.01,82419.2,395.94076564
2025-03-12 03:00:00,82418.26,82586.28,82075.57,82102.47,197.58945997
2025-03-12 04:00:00,82102.48,82131.66,81562.8,81756.87,867.08352539
2025-03-12 05:00:00,81756.87,81998.79,81558.48,81936.04,248.78351026
2025-03-12 06:00:00,81944.89,81944.9,81247.25,81389.34,218.22068447
2025-03-12 07:00:00,81373.12,82494.59,81280.77,82390.69,277.81735449
2025-03-12 08:00:00,82395.82,82799.26,81987.01,82649.37,281.33868255
2025-03-12 09:00:00,82649.38,82900.77,82204.79,82655.16,274.94572193
2025-03-12 10:00:00,82655.15,82747.87,82071.75,82473.41,244.68518355
2025-03-12 11:00:00,82475.68,83049.95,82412.15,82978.09,160.22778589
2025-03-12 12:00:00,82974.82,84442.69,82840.03,84037.83,1239.49564138
2025-03-12 13:00:00,84039.16,84201.52,82338.86,82672.79,1179.60095856
2025-03-12 14:00:00,82673.03,82919.25,81477.17,81493.18,1192.33652254
2025-03-12 15:00:00,81501.43,81987.37,80572.21,81712.02,1863.5839157
2025-03-12 16:00:00,81711.0,82271.95,81597.43,81933.29,649.66932637
2025-03-12 17:00:00,81941.91,82887.0,81748.29,81816.36,571.14247651
2025-03-12 18:00:00,81818.55,82797.37,81685.5,82621.93,487.25710444
2025-03-12 19:00:00,82612.5,83140.57,82451.12,82893.13,451.77298458
2025-03-12 20:00:00,82893.77,83156.0,82680.94,83096.86,291.34070491
2025-03-12 21:00:00,83096.85,83300.0,82841.8,83064.49,292.89849807
2025-03-12 22:00:00,83064.49,83685.2,83052.39,83632.75,437.54921597
2025-03-12 23:00:00,83632.75,83872.4,83373.51,83659.43,227.02579436
2025-03-13 00:00:00,83659.45,83995.0,83414.24,83414.25,233.15220426
2025-03-13 01:00:00,83423.74,84206.39,83290.25,83901.21,234.18494286
2025-03-13 02:00:00,83901.21,84310.8,83741.64,83763.32,315.73068552
2025-03-13 03:00:00,83763.32,84172.39,83525.0,83556.96,133.62501528
2025-03-13 04:00:00,83556.95,83688.71,83191.33,83275.75,173.99763743
2025-03-13 05:00:00,83275.74,83528.02,83068.83,83138.51,166.51170586
2025-03-13 06:00:00,83144.85,83321.22,82836.1,83274.8,117.8155379
2025-03-13 07:00:00,83284.28,83537.65,83112.06,83139.92,152.07135244
2025-03-13 08:00:00,83139.92,83252.55,82396.51,82967.47,266.4041429
2025-03-13 09:00:00,82961.34,83495.32,82961.33,83406.33,255.29504867
2025-03-13 10:00:00,83406.32,83470.65,82968.32,83157.79,128.335636
2025-03-13 11:00:00,83157.78,83210.79,82672.84,82945.17,255.06482277
2025-03-13 12:00:00,82940.63,83873.66,82257.95,82494.58,440.513561
2025-03-13 13:00:00,82492.18,83100.0,81552.0,81744.41,1055.50536212
2025-03-13 14:00:00,81736.1,82465.92,81500.01,81979.36,940.01323857
2025-03-13 15:00:00,81979.36,82171.36,80915.01,81013.84,941.10783211
2025-03-13 16:00:00,81018.96,81229.24,80601.44,80842.79,638.17165545
2025-03-13 17:00:00,80842.79,80855.05,79890.0,80009.96,1219.46738878
2025-03-13 18:00:00,80013.6,80917.97,79950.0,80769.24,602.60985347
2025-03-13 19:00:00,80769.23,80989.64,80049.99,80140.82,913.59816704
2025-03-13 20:00:00,80139.99,80677.23,80053.0,80318.53,455.78981484
2025-03-13 21:00:00,80318.38,80837.06,80222.53,80771.97,240.29519174
2025-03-13 22:00:00,80767.75,81371.76,80675.5,81350.0,257.88818692
2025-03-13 23:00:00,81350.0,81446.79,81000.03,81073.43,367.00202481
2025-03-14 00:00:00,81071.5,81658.48,80771.17,81454.97,243.74053951
2025-03-14 01:00:00,81456.02,81859.57,81166.05,81571.6,152.49080412
2025-03-14 02:00:00,81571.61,82238.51,81560.03,82193.95,247.2038461
2025-03-14 03:00:00,82193.96,82223.83,81714.94,81875.88,183.10116984
2025-03-14 04:00:00,81875.88,82025.48,81815.05,81926.12,139.64662128
2025-03-14 05:00:00,81926.11,82200.0,81792.62,82135.41,93.19783467
2025-03-14 06:00:00,82135.4,82169.5,81749.65,82024.62,115.49362359
2025-03-14 07:00:00,82025.24,82441.24,81871.68,82159.18,89.82380042
2025-03-14 08:00:00,82159.17,82626.24,82149.03,82576.57,164.67543366
2025-03-14 09:00:00,82587.62,82933.5,82553.4,82765.6,289.78765719
2025-03-14 10:00:00,82765.61,83276.72,82652.9,83033.2,334.43979426
2025-03-14 11:00:00,83032.85,83336.72,82953.77,83236.54,302.46142035
2025-03-14 12:00:00,83236.54,83519.64,83030.12,83418.35,381.5637911
2025-03-14 13:00:00,83418.35,83897.0,83038.68,83592.46,974.44426492
2025-03-14 14:00:00,83594.55,83594.55,82605.43,83527.61,981.72187236
2025-03-14 15:00:00,83527.61,85318.61,83527.61,84729.11,1726.08294805
2025-03-14 16:00:00,84731.19,84981.39,83925.99,84783.92,1502.8497769
2025-03-14 17:00:00,84776.52,84838.82,84189.63,84373.72,496.3275488
2025-03-14 18:00:00,84367.93,84730.61,84200.78,84584.08,566.31222525
2025-03-14 19:00:00,84566.6,84954.61,84457.05,84561.86,670.85913363
2025-03-14 20:00:00,84569.77,84579.92,83711.65,84154.74,589.43894737
2025-03-14 21:00:00,84147.29,84324.22,83955.79,84215.66,255.53059214
2025-03-14 22:00:00,84215.66,84523.99,84111.87,84454.48,222.38760931
2025-03-14 23:00:00,84451.1,84455.19,83952.1,83980.49,133.87578442
2025-03-15 00:00:00,83989.86,84368.53,83962.56,84300.0,110.37576277
2025-03-15 01:00:00,84305.41,84591.25,84111.0,84374.0,177.02739929
2025-03-15 02:00:00,84368.24,84654.23,84162.97,84558.14,125.61034228
2025-03-15 03:00:00,84554.07,84690.43,84411.82,84502.27,100.31883003
2025-03-15 04:00:00,84496.39,84577.31,84291.47,84466.34,90.64831447
2025-03-15 05:00:00,84466.35,84489.06,84260.7,84274.28,58.22398006
2025-03-15 06:00:00,84275.57,84318.5,84177.77,84197.3,37.74439583
2025-03-15 07:00:00,84196.8,84220.23,83805.59,83847.18,102.61727437
2025-03-15 08:00:00,83845.85,84025.34,83612.24,83904.83,91.76895802
2025-03-15 09:00:00,83897.55,83982.32,83709.24,83968.11,74.42248479
2025-03-15 10:00:00,83968.12,83985.86,83660.96,83925.47,70.32768691
2025-03-15 11:00:00,83920.24,84192.15,83849.14,84118.58,90.74447068
2025-03-15 12:00:00,84118.57,84298.83,84022.43,84155.79,121.74617868
2025-03-15 13:00:00,84155.79,84487.16,84147.45,84471.02,102.44212412
2025-03-15 14:00:00,84471.01,84471.01,84106.14,84141.3,85.54667818
2025-03-15 15:00:00,84141.3,84415.53,84132.62,84333.83,113.96647256
2025-03-15 16:00:00,84343.24,84487.18,84187.36,84351.84,116.08627448
2025-03-15 17:00:00,84351.83,84498.23,84260.57,84419.29,123.70792973
2025-03-15 18:00:00,84419.29,84474.68,84132.0,84224.29,125.70357677
2025-03-15 19:00:00,84224.29,84337.64,84111.0,84302.36,103.0946895
2025-03-15 20:00:00,84302.36,84454.84,84302.35,84392.89,99.97095461
2025-03-15 21:00:00,84399.35,84471.3,84241.19,84392.59,72.60191711
2025-03-15 22:00:00,84392.58,84455.67,84324.79,84382.0,71.40050335
2025-03-15 23:00:00,84382.01,84420.45,84260.15,84351.46,65.82308719
2025-03-16 00:00:00,84351.45,84402.59,84216.97,84253.81,87.92792354
2025-03-16 01:00:00,84253.8,84278.69,83836.01,83877.26,208.16451941
2025-03-16 02:00:00,83877.26,84141.64,83744.92,83965.28,112.66682069
2025-03-16 03:00:00,83965.28,84384.17,83896.09,84324.83,63.64753648
2025-03-16 04:00:00,84332.91,84430.99,84244.56,84411.97,70.44493936
2025-03-16 05:00:00,84412.72,84422.49,84301.0,84399.99,48.07232926
2025-03-16 06:00:00,84396.72,84410.24,84220.2,84227.59,36.16950398
2025-03-16 07:00:00,84227.59,84384.46,83974.73,84286.17,72.84788132
2025-03-16 08:00:00,84276.58,84347.88,84156.6,84268.57,39.64797458
2025-03-16 09:00:00,84268.65,84279.2,83804.83,83894.35,77.15162595
2025-03-16 10:00:00,83899.74,84054.18,83650.45,83667.03,112.51328747
2025-03-16 11:00:00,83667.02,83691.22,82373.06,82404.39,320.67326745
2025-03-16 12:00:00,82404.39,82910.0,82374.68,82750.83,169.75157492
2025-03-16 13:00:00,82747.89,83122.0,82492.76,82597.73,152.05062788
2025-03-16 14:00:00,82587.84,83373.5,82564.51,83356.27,159.44427881
2025-03-16 15:00:00,83356.27,83478.73,82964.75,83311.6,152.8287136
2025-03-16 16:00:00,83311.6,85092.35,83285.57,83627.45,656.41627928
2025-03-16 17:00:00,83620.41,84110.47,83475.74,83907.01,177.206852
2025-03-16 18:00:00,83907.0,84096.94,83621.99,83693.86,148.05213538
2025-03-16 19:00:00,83687.14,83731.47,82560.06,83102.88,234.68239572
2025-03-16 20:00:00,83102.89,83451.52,82910.0,83213.26,161.26240857
2025-03-16 21:00:00,83222.42,83223.49,82648.14,82761.7,160.75978658
2025-03-16 22:00:00,82761.69,82844.33,82062.0,82086.89,326.89911799
2025-03-16 23:00:00,82084.66,82628.07,81969.44,82562.57,310.61587077
2025-03-17 00:00:00,82562.5,83145.34,82504.95,83045.72,196.22927538
2025-03-17 01:00:00,83045.72,83387.2,82819.6,83221.69,184.56817316
2025-03-17 02:00:00,83221.68,83359.68,82957.84,83199.5,130.01790865
2025-03-17 03:00:00,83204.72,83712.96,83204.72,83658.05,128.53845463
2025-03-17 04:00:00,83658.04,83853.47,83500.01,83602.96,133.16102544
2025-03-17 05:00:00,83602.95,83602.95,83102.38,83105.33,110.21184904
2025-03-17 06:00:00,83103.32,83276.73,82660.86,83204.61,114.15450197
2025-03-17 07:00:00,83208.52,83608.5,83188.33,83541.9,112.58922691
2025-03-17 08:00:00,83543.2,83700.0,83192.56,83526.48,92.79018946
2025-03-17 09:00:00,83526.48,83772.3,83402.95,83652.41,205.77904738
2025-03-17 10:00:00,83652.41,83680.0,83238.23,83323.31,155.73087725
2025-03-17 11:00:00,83327.53,83680.61,83201.92,83495.08,174.62258027
2025-03-17 12:00:00,83495.08,83979.77,82956.17,83031.62,764.0742218
2025-03-17 13:00:00,83021.3,83723.53,82787.24,83014.01,517.49202412
2025-03-17 14:00:00,83010.05,83353.49,82416.98,82903.97,763.22294078
2025-03-17 15:00:00,82912.96,83699.0,82693.08,83537.88,529.06879595
2025-03-17 16:00:00,83525.88,83871.43,83102.01,83436.97,443.42773957
2025-03-17 17:00:00,83436.96,84340.0,83349.2,84190.12,762.83699381
2025-03-17 18:00:00,84193.62,84600.0,83982.0,84491.09,691.38847225
2025-03-17 19:00:00,84495.4,84758.46,84309.59,84481.92,575.87278253
2025-03-17 20:00:00,84481.92,84506.79,83842.69,83967.62,437.59569783
2025-03-17 21:00:00,83958.33,84249.99,83856.57,84073.45,176.23281757
2025-03-17 22:00:00,84073.44,84250.0,83991.63,84066.17,164.07623465
2025-03-17 23:00:00,84066.17,84145.49,83745.72,84011.4,222.29550324
2025-03-18 00:00:00,84011.39,84029.67,83711.36,83796.89,165.60486157
2025-03-18 01:00:00,83796.89,83920.98,83008.73,83161.44,306.93235121
2025-03-18 02:00:00,83160.65,83529.14,83069.54,83365.65,170.49170129
2025-03-18 03:00:00,83365.65,83365.65,82950.0,83128.35,160.35907311
2025-03-18 04:00:00,83131.03,83211.46,82830.0,82983.76,183.79871311
2025-03-18 05:00:00,82983.77,83121.53,82892.09,83013.53,117.00402934
2025-03-18 06:00:00,83010.15,83024.05,82235.91,82448.57,272.53266812
2025-03-18 07:00:00,82448.4,83270.78,82344.58,83150.66,310.77097919
2025-03-18 08:00:00,83150.66,83456.42,83029.03,83280.52,150.99106545
2025-03-18 09:00:00,83281.52,83344.17,82772.23,82833.3,100.58000409
2025-03-18 10:00:00,82828.83,82938.17,82578.32,82812.43,146.1733639
2025-03-18 11:00:00,82810.29,82856.85,82487.81,82573.41,156.16339625
2025-03-18 12:00:00,82566.72,82813.06,82303.95,82387.62,201.346196
2025-03-18 13:00:00,82380.61,82468.73,81134.83,81342.45,1016.33305872
2025-03-18 14:00:00,81333.02,81963.47,81125.0,81833.15,612.96801991
2025-03-18 15:00:00,81833.08,82196.5,81502.42,81595.35,388.52935738
2025-03-18 16:00:00,81593.38,82150.5,81506.27,81842.42,370.51718471
2025-03-18 17:00:00,81843.37,81977.98,81301.14,81446.0,292.37191789
2025-03-18 18:00:00,81442.25,81940.99,81222.54,81866.96,393.90397809
2025-03-18 19:00:00,81866.97,82491.86,81736.86,82308.47,902.07093356
2025-03-18 20:00:00,82308.09,82351.21,81848.31,82036.62,215.17024959
2025-03-18 21:00:00,82028.39,82193.29,81905.02,82034.66,137.160148
2025-03-18 22:00:00,82031.15,82545.0,81971.51,82370.3,246.64706166
2025-03-18 23:00:00,82370.31,82809.0,82370.31,82698.76,298.21265389
2025-03-19 00:00:00,82699.53,83231.9,82581.96,83102.68,216.07025153
2025-03-19 01:00:00,83093.66,83153.33,82587.83,82602.89,172.10869186
2025-03-19 02:00:00,82602.89,82894.77,82535.53,82862.19,141.27164426
2025-03-19 03:00:00,82862.18,83091.4,82739.48,83045.81,155.0387243
2025-03-19 04:00:00,83045.8,83080.82,82782.08,82961.08,188.12936808
2025-03-19 05:00:00,82951.59,83343.62,82908.72,83243.37,387.76905227
2025-03-19 06:00:00,83243.37,83339.14,83134.66,83217.22,271.40912028
2025-03-19 07:00:00,83217.22,83380.35,83055.79,83217.46,706.47969064
2025-03-19 08:00:00,83212.4,83550.12,83190.68,83416.18,187.84501663
2025-03-19 09:00:00,83416.18,83607.47,83363.75,83532.03,187.41983003
2025-03-19 10:00:00,83532.03,83830.38,83454.22,83467.57,268.44584525
2025-03-19 11:00:00,83467.57,84082.0,83390.51,83878.5,283.38394841
2025-03-19 12:00:00,83878.5,83924.41,83512.0,83744.43,220.56838325
2025-03-19 13:00:00,83746.48,84330.95,83600.01,84090.57,666.45804761
2025-03-19 14:00:00,84090.57,84400.0,83870.98,84319.93,819.38725076
2025-03-19 15:00:00,84319.96,84915.27,84105.89,84746.38,720.54775214
2025-03-19 16:00:00,84746.69,84844.73,84399.27,84600.83,673.96521051
2025-03-19 17:00:00,84600.83,84730.23,83795.1,84244.86,826.33032428
2025-03-19 18:00:00,84241.54,85914.42,83575.51,85672.63,1820.94184338
2025-03-19 19:00:00,85660.37,85981.32,84959.89,85469.73,1813.84039535
2025-03-19 20:00:00,85469.73,85890.08,85234.08,85382.21,435.79345475
2025-03-19 21:00:00,85388.99,85942.61,85356.36,85696.12,486.11531308
2025-03-19 22:00:00,85670.64,86547.52,85659.38,86186.46,796.01307194
2025-03-19 23:00:00,86186.46,87045.45,86186.46,86877.96,608.32580655
2025-03-20 00:00:00,86877.97,87492.87,85963.69,86033.52,1210.56587736
2025-03-20 01:00:00,86040.39,86404.25,85715.52,85899.86,417.88377401
2025-03-20 02:00:00,85901.93,86161.95,85637.09,86095.41,421.19342932
2025-03-20 03:00:00,86095.41,86162.35,85834.17,85904.18,168.91794286
2025-03-20 04:00:00,85904.18,85957.57,85443.53,85698.55,132.24605708
2025-03-20 05:00:00,85698.56,85855.33,85480.51,85843.07,110.13677258
2025-03-20 06:00:00,85839.0,86025.53,85647.72,85763.04,99.598063
2025-03-20 07:00:00,85767.08,85990.44,85703.84,85825.76,64.87503599
2025-03-20 08:00:00,85825.76,86331.26,85713.63,86249.31,104.33970434
2025-03-20 09:00:00,86244.19,86283.03,85807.97,85877.28,87.64220963
2025-03-20 10:00:00,85880.45,85954.67,84755.16,85141.89,457.75554441
2025-03-20 11:00:00,85141.9,85494.21,85133.89,85487.31,170.93943793
2025-03-20 12:00:00,85480.35,85535.28,85159.7,85323.02,246.15189787
2025-03-20 13:00:00,85323.01,85853.8,85042.27,85482.9,486.72269796
2025-03-20 14:00:00,85470.74,86511.16,85424.7,86139.99,718.30556387
2025-03-20 15:00:00,86142.01,86194.61,84548.65,84667.21,952.65387955
2025-03-20 16:00:00,84667.22,84912.05,83596.75,83768.82,996.57398339
2025-03-20 17:00:00,83760.33,84327.89,83677.29,84054.22,718.1824255
2025-03-20 18:00:00,84045.6,84294.74,83876.79,84005.33,495.86459892
2025-03-20 19:00:00,84009.88,84407.9,83866.61,84137.13,820.19884315
2025-03-20 20:00:00,84136.49,84566.45,84104.83,84505.05,335.7594627
2025-03-20 21:00:00,84498.63,84587.79,84212.97,84326.44,226.40678598
2025-03-20 22:00:00,84326.44,84480.24,83954.28,84110.04,233.1870403
2025-03-20 23:00:00,84106.68,84313.66,83872.73,84183.42,204.21593505
2025-03-21 00:00:00,84183.41,84482.67,84141.47,84451.62,114.02108401
2025-03-21 01:00:00,84447.43,84748.05,84319.39,84732.69,159.84310071
2025-03-21 02:00:00,84726.9,84809.72,84473.1,84640.58,171.83413536
2025-03-21 03:00:00,84640.58,84685.99,84220.17,84420.97,183.59991504
2025-03-21 04:00:00,84420.97,84788.7,84418.84,84645.92,171.53290667
2025-03-21 05:00:00,84645.91,84657.84,84301.78,84437.17,102.58942344
2025-03-21 06:00:00,84437.58,84445.32,84026.76,84175.08,169.88339058
2025-03-21 07:00:00,84175.09,84248.22,83699.99,83900.25,162.37101366
2025-03-21 08:00:00,83902.16,84128.15,83673.87,83982.01,152.21122421
2025-03-21 09:00:00,83978.38,84300.0,83750.09,84103.56,113.82931722
2025-03-21 10:00:00,84097.4,84260.47,83863.08,84127.47,82.83632091
2025-03-21 11:00:00,84127.47,84145.29,83900.66,84015.23,85.27305261
2025-03-21 12:00:00,84015.23,84332.35,83350.0,83430.4,332.57295906
2025-03-21 13:00:00,83428.22,84059.99,83100.0,83896.95,763.05693934
2025-03-21 14:00:00,83902.74,84256.99,83461.09,84200.76,699.94384671
2025-03-21 15:00:00,84208.65,84252.24,83497.68,83521.98,317.75233628
2025-03-21 16:00:00,83525.04,84105.77,83321.02,84066.53,361.0628931
2025-03-21 17:00:00,84066.98,84138.0,83653.65,83986.0,317.12940224
2025-03-21 18:00:00,83985.99,84393.43,83863.84,84059.11,314.11112688
2025-03-21 19:00:00,84067.93,84167.98,83765.59,83918.76,568.42580173
2025-03-21 20:00:00,83917.88,84216.25,83782.25,84186.45,558.88106534
2025-03-21 21:00:00,84186.44,84559.64,84139.48,84373.85,167.56510571
2025-03-21 22:00:00,84373.85,84397.88,84069.82,84143.07,112.05200076
2025-03-21 23:00:00,84142.75,84203.56,84006.97,84061.96,75.257226
2025-03-22 00:00:00,84061.96,84229.65,84015.78,84168.8,64.23548994
2025-03-22 01:00:00,84166.43,84300.0,83956.6,84048.19,59.48253188
2025-03-22 02:00:00,84048.28,84227.91,83991.25,84159.19,47.60084479
2025-03-22 03:00:00,84159.18,84275.26,84100.0,84228.77,40.75498054
2025-03-22 04:00:00,84228.82,84365.6,84180.82,84333.09,26.10800652
2025-03-22 05:00:00,84333.05,84400.0,84210.74,84296.31,50.61119631
2025-03-22 06:00:00,84298.1,84391.43,84138.03,84328.28,71.5454832
2025-03-22 07:00:00,84328.28,84383.59,84202.87,84267.13,80.05737883
2025-03-22 08:00:00,84267.13,84279.99,84102.9,84206.51,81.53014474
2025-03-22 09:00:00,84206.51,84517.75,84206.51,84329.73,112.16773949
2025-03-22 10:00:00,84330.23,84447.73,84329.32,84394.4,85.09891434
2025-03-22 11:00:00,84391.26,84412.92,84185.64,84217.55,83.33047052
2025-03-22 12:00:00,84217.56,84297.86,84170.0,84214.35,86.31338813
2025-03-22 13:00:00,84214.34,84239.86,84041.47,84169.3,84.24100132
2025-03-22 14:00:00,84168.44,84203.15,83989.2,84005.83,91.61552795
2025-03-22 15:00:00,84005.83,84148.19,83969.35,84104.35,98.52471422
2025-03-22 16:00:00,84104.35,84173.93,84005.35,84143.82,155.34468922
2025-03-22 17:00:00,84140.0,84273.34,84081.15,84237.94,124.85954494
2025-03-22 18:00:00,84237.94,84333.7,84188.77,84247.0,86.72576968
2025-03-22 19:00:00,84246.98,84299.38,84157.93,84178.14,86.80356659
2025-03-22 20:00:00,84178.13,84232.89,83934.84,83938.84,115.82778567
2025-03-22 21:00:00,83937.67,84108.03,83840.42,84003.05,135.57803687
2025-03-22 22:00:00,84003.28,84096.47,83950.0,83956.02,101.62559408
2025-03-22 23:00:00,83956.01,83983.0,83659.69,83852.03,138.53065092
2025-03-23 00:00:00,83852.06,84073.53,83804.67,84008.97,110.64401726
2025-03-23 01:00:00,84008.96,84153.81,83979.0,84070.52,107.26676836
2025-03-23 02:00:00,84070.51,84294.3,83986.44,84230.17,122.18475463
2025-03-23 03:00:00,84230.17,84257.71,84130.2,84232.39,99.10348836
2025-03-23 04:00:00,84232.33,84232.39,84066.18,84112.12,86.8665715
2025-03-23 05:00:00,84112.12,84258.99,84100.0,84228.64,77.271225
2025-03-23 06:00:00,84228.64,84319.2,84191.53,84238.59,79.03628925
2025-03-23 07:00:00,84238.59,84341.41,84211.36,84274.04,77.63540079
2025-03-23 08:00:00,84274.05,84383.09,84256.15,84349.42,86.78666074
2025-03-23 09:00:00,84349.42,84397.41,84312.48,84319.76,81.45310384
2025-03-23 10:00:00,84319.76,84529.65,84305.06,84465.07,110.82799286
2025-03-23 11:00:00,84471.42,85055.35,84471.42,84692.8,269.34669622
2025-03-23 12:00:00,84692.81,84821.41,84572.52,84725.01,97.17164451
2025-03-23 13:00:00,84725.01,85098.91,84641.93,85070.0,145.92218558
2025-03-23 14:00:00,85069.99,85204.26,84849.99,84896.44,145.70758716
2025-03-23 15:00:00,84896.43,85250.0,84886.0,85179.08,144.20024493
2025-03-23 16:00:00,85180.69,85380.76,84943.31,85240.71,211.75364765
2025-03-23 17:00:00,85240.71,85414.68,84880.93,85014.24,261.07415806
2025-03-23 18:00:00,85014.25,85037.42,84801.3,84975.76,165.0117254
2025-03-23 19:00:00,84975.75,85090.14,84901.77,85016.54,128.705431
2025-03-23 20:00:00,85020.83,85274.95,85017.1,85107.79,92.36059163
2025-03-23 21:00:00,85100.24,85200.0,84921.1,85191.5,212.63800192
2025-03-23 22:00:00,85191.51,85685.0,85164.85,85374.93,266.37363199
2025-03-23 23:00:00,85374.92,86128.99,85374.92,86092.94,288.12763413
2025-03-24 00:00:00,86092.95,86652.41,85861.34,86043.4,322.45423807
2025-03-24 01:00:00,86036.7,86053.97,85549.64,85580.44,193.47047975
2025-03-24 02:00:00,85580.44,85961.44,85533.06,85888.35,217.02309108
2025-03-24 03:00:00,85876.01,86573.22,85875.99,86531.17,292.7345573
2025-03-24 04:00:00,86531.18,86952.37,86531.18,86846.64,203.16163567
2025-03-24 05:00:00,86846.64,87045.58,86819.04,86909.7,223.32296366
2025-03-24 06:00:00,86909.7,87306.81,86900.0,87126.12,199.28670686
2025-03-24 07:00:00,87126.13,87199.52,86758.48,86880.5,164.82310056
2025-03-24 08:00:00,86880.04,87527.36,86847.5,87417.65,243.99057197
2025-03-24 09:00:00,87417.54,87523.47,87122.38,87158.39,113.9725746
2025-03-24 10:00:00,87156.51,87912.81,87128.44,87804.39,210.68224647
2025-03-24 11:00:00,87804.39,87853.33,87525.2,87709.91,205.81062627
2025-03-24 12:00:00,87710.03,87723.82,87260.52,87339.89,451.06767616
2025-03-24 13:00:00,87338.17,87744.76,87140.84,87713.5,647.16037353
2025-03-24 14:00:00,87712.99,88804.64,87646.7,88002.46,2268.87472472
2025-03-24 15:00:00,88007.72,88468.5,87722.01,88357.49,1112.74697705
2025-03-24 16:00:00,88357.5,88513.25,87705.98,88075.74,1042.86265957
2025-03-24 17:00:00,88075.47,88492.2,87950.98,88482.34,507.57186534
2025-03-24 18:00:00,88482.34,88600.0,88150.0,88486.76,1134.86427042
2025-03-24 19:00:00,88486.76,88588.88,88014.87,88292.88,1117.65349469
2025-03-24 20:00:00,88282.99,88562.65,87847.62,87874.61,1073.15258688
2025-03-24 21:00:00,87874.62,88317.25,87847.62,88139.74,499.53754934
2025-03-24 22:00:00,88140.91,88233.93,87350.21,87476.73,392.0877344
2025-03-24 23:00:00,87476.73,87561.16,87074.42,87523.62,269.19121208
2025-03-25 00:00:00,87518.09,87719.44,87273.47,87627.86,203.13689603
2025-03-25 01:00:00,87623.87,87625.77,86826.04,87113.08,218.4734281
2025-03-25 02:00:00,87110.81,87121.02,86850.78,86879.78,187.73877394
2025-03-25 03:00:00,86879.77,87017.73,86352.95,86536.52,295.29687068
2025-03-25 04:00:00,86536.19,86678.33,86321.97,86564.46,213.67790725
2025-03-25 05:00:00,86564.46,86803.52,86419.62,86673.81,190.59658257
2025-03-25 06:00:00,86673.81,86894.9,86537.53,86559.2,234.32047492
2025-03-25 07:00:00,86561.99,86832.08,86339.29,86452.25,178.08701548
2025-03-25 08:00:00,86455.75,86777.48,86420.38,86732.98,135.37210362
2025-03-25 09:00:00,86732.95,87362.02,86653.65,87241.71,296.56059991
2025-03-25 10:00:00,87241.7,87316.06,86957.26,87145.46,124.17282885
2025-03-25 11:00:00,87145.97,87514.19,87063.8,87391.98,255.45764944
2025-03-25 12:00:00,87397.04,87467.63,86944.42,87098.32,211.66185281
2025-03-25 13:00:00,87098.32,87997.2,87059.37,87626.14,798.23034073
2025-03-25 14:00:00,87626.14,88263.26,87352.7,88047.59,839.92255266
2025-03-25 15:00:00,88047.59,88288.2,87742.07,87793.01,756.88263125
2025-03-25 16:00:00,87795.15,88010.96,87657.5,87829.24,376.81059482
2025-03-25 17:00:00,87829.25,88388.96,87829.25,87962.76,990.67503391
2025-03-25 18:00:00,87962.76,88088.0,87614.49,87869.72,454.05889859
2025-03-25 19:00:00,87869.71,88323.99,87869.71,88175.6,935.31629282
2025-03-25 20:00:00,88164.95,88584.34,87854.5,87902.65,924.25178848
2025-03-25 21:00:00,87902.65,88261.27,87756.06,87795.8,407.92059453
2025-03-25 22:00:00,87795.79,87861.34,87216.02,87493.98,609.58698491
2025-03-25 23:00:00,87493.98,87554.41,87170.43,87427.88,315.77442743
2025-03-26 00:00:00,87432.82,87849.69,87257.1,87672.73,173.8086266
2025-03-26 01:00:00,87669.54,87936.31,87600.0,87863.41,137.41607052
2025-03-26 02:00:00,87863.4,87863.41,87323.93,87355.03,143.53743176
2025-03-26 03:00:00,87355.03,87445.44,87057.0,87176.89,158.10133621
2025-03-26 04:00:00,87175.6,87483.95,87079.51,87350.49,143.69261013
2025-03-26 05:00:00,87350.61,87670.49,87238.35,87552.49,158.9967622
2025-03-26 06:00:00,87554.3,87968.21,87467.14,87932.64,162.71963092
2025-03-26 07:00:00,87932.65,88304.1,87778.96,88159.18,196.84780819
2025-03-26 08:00:00,88151.5,88228.11,87907.45,87985.39,138.41783718
2025-03-26 09:00:00,87985.39,88080.46,87851.39,87969.49,103.06392436
2025-03-26 10:00:00,87969.5,88302.74,87966.04,88244.6,79.18125966
2025-03-26 11:00:00,88244.6,88285.55,87963.62,87991.1,158.55060733
2025-03-26 12:00:00,87991.1,88059.13,87610.83,87826.8,209.18209427
2025-03-26 13:00:00,87827.18,87950.0,86735.28,86875.6,469.14995874
2025-03-26 14:00:00,86875.6,87323.73,86460.19,86787.25,764.36152704
2025-03-26 15:00:00,86787.25,87032.49,86571.21,86760.12,606.27006829
2025-03-26 16:00:00,86760.11,87071.55,86390.67,86507.95,398.5562679
2025-03-26 17:00:00,86507.95,86840.06,86476.01,86578.36,321.49392498
2025-03-26 18:00:00,86573.97,86765.87,86172.0,86209.27,294.41148742
2025-03-26 19:00:00,86209.27,86800.0,85850.0,86567.47,562.30243564
2025-03-26 20:00:00,86561.21,87429.69,86513.31,87290.23,856.42747736
2025-03-26 21:00:00,87296.04,87318.13,86721.25,87121.13,225.51504925
2025-03-26 22:00:00,87121.12,87162.86,86765.28,86848.81,206.08609593
2025-03-26 23:00:00,86848.82,86963.22,86575.41,86926.01,217.62956853
2025-03-27 00:00:00,86926.01,87328.48,86809.6,87308.31,241.30603826
2025-03-27 01:00:00,87308.31,87542.73,87195.83,87395.1,166.55856181
2025-03-27 02:00:00,87395.13,87790.12,87352.32,87594.44,162.65580304
2025-03-27 03:00:00,87594.43,87700.0,87453.41,87689.44,116.66338903
2025-03-27 04:00:00,87695.65,87722.75,87439.64,87550.75,80.69872062
2025-03-27 05:00:00,87550.74,87550.74,87277.0,87331.58,83.30278169
2025-03-27 06:00:00,87337.11,87583.53,87304.64,87376.23,75.58450185
2025-03-27 07:00:00,87376.24,87461.35,87270.35,87433.26,86.29739883
2025-03-27 08:00:00,87433.25,87617.0,87272.13,87457.35,145.70700874
2025-03-27 09:00:00,87457.35,87553.84,87402.0,87430.04,154.84501635
2025-03-27 10:00:00,87430.04,87605.98,87126.53,87206.19,90.55798646
2025-03-27 11:00:00,87204.13,87330.16,86782.75,86955.43,142.63078712
2025-03-27 12:00:00,86955.43,87122.44,86719.85,86771.73,151.07292179
2025-03-27 13:00:00,86767.16,86870.16,85784.0,86383.37,946.33841196
2025-03-27 14:00:00,86383.37,87316.65,86178.96,87298.88,1032.24362653
2025-03-27 15:00:00,87290.77,87575.75,86735.38,86952.06,868.65654846
2025-03-27 16:00:00,86952.07,87266.63,86790.18,86821.14,341.51321013
2025-03-27 17:00:00,86821.14,87153.52,86774.2,86888.6,369.12806222
2025-03-27 18:00:00,86888.61,87434.37,86850.76,87188.82,310.2865414
2025-03-27 19:00:00,87193.93,87426.84,87009.95,87059.54,516.91116297
2025-03-27 20:00:00,87063.38,87349.96,86926.02,87312.06,259.13071729
2025-03-27 21:00:00,87312.05,87719.5,87233.05,87558.69,247.18126052
2025-03-27 22:00:00,87429.61,87474.54,87289.08,87333.02,81.00122261
2025-03-27 23:00:00,87333.02,87356.1,87108.87,87217.48,180.49800562
2025-03-28 00:00:00,87214.07,87399.12,86912.31,87340.79,236.56818559
2025-03-28 01:00:00,87356.78,87498.15,87107.44,87224.46,157.01583145
2025-03-28 02:00:00,87225.04,87324.43,86930.99,86972.84,187.2927202
2025-03-28 03:00:00,86972.84,87003.29,86738.32,86779.12,315.67493947
2025-03-28 04:00:00,86779.11,86825.43,85935.39,86277.09,367.4708812
2025-03-28 05:00:00,86277.08,86277.08,85799.0,86025.69,210.32345439
2025-03-28 06:00:00,86028.08,86226.45,85620.3,85699.54,246.39485131
2025-03-28 07:00:00,85703.24,85848.25,85122.33,85164.98,391.5946853
2025-03-28 08:00:00,85164.8,85409.91,85012.66,85177.78,331.09482447
2025-03-28 09:00:00,85181.82,85388.71,84964.58,85127.0,353.09152251
2025-03-28 10:00:00,85130.49,85226.81,84855.03,84929.56,253.75634852
2025-03-28 11:00:00,84927.78,85231.17,84771.04,85221.77,345.42007129
2025-03-28 12:00:00,85221.76,85562.07,84854.56,85007.44,556.26817202
2025-03-28 13:00:00,85009.98,85550.0,84900.0,84974.5,679.02600941
2025-03-28 14:00:00,84974.5,85089.51,84100.66,84124.23,1332.04000306
2025-03-28 15:00:00,84124.97,84499.88,83897.5,84009.68,756.22131018
2025-03-28 16:00:00,84001.75,84163.15,83602.99,83740.32,609.91554974
2025-03-28 17:00:00,83733.34,83951.35,83533.4,83936.73,414.20315821
2025-03-28 18:00:00,83941.07,84119.48,83650.68,83822.56,380.80381296
2025-03-28 19:00:00,83822.56,83839.31,83568.57,83733.93,975.45237896
2025-03-28 20:00:00,83736.51,84120.82,83654.34,83757.09,534.41833723
2025-03-28 21:00:00,83757.09,84065.44,83650.0,84000.0,128.49890438
2025-03-28 22:00:00,84000.0,84439.45,83999.99,84433.5,170.78484464
2025-03-28 23:00:00,84428.28,84485.5,84154.16,84381.8,98.46929338
2025-03-29 00:00:00,84381.81,84584.13,84311.11,84359.45,114.72692973
2025-03-29 01:00:00,84357.23,84470.63,84172.34,84246.53,93.39488145
2025-03-29 02:00:00,84246.55,84394.53,83800.0,83828.64,136.0705725
2025-03-29 03:00:00,83815.46,84236.99,83675.05,84139.06,140.56921541
2025-03-29 04:00:00,84139.06,84234.73,83931.66,84042.48,60.82405851
2025-03-29 05:00:00,84042.47,84069.84,83820.0,83975.7,69.08788831
2025-03-29 06:00:00,83975.69,83975.7,83628.19,83763.74,45.78336755
2025-03-29 07:00:00,83763.74,83850.0,83618.31,83699.25,23.30341743
2025-03-29 08:00:00,83699.25,83906.63,83625.53,83893.3,39.72630936
2025-03-29 09:00:00,83893.31,83905.24,83251.52,83518.44,237.64303836
2025-03-29 10:00:00,83518.44,83530.62,82784.56,82887.46,207.73798945
2025-03-29 11:00:00,82887.46,83074.03,81966.0,82257.95,419.58571789
2025-03-29 12:00:00,82257.97,82478.4,82104.7,82426.9,127.53335532
2025-03-29 13:00:00,82426.9,82832.89,82418.7,82825.03,118.9016738
2025-03-29 14:00:00,82821.21,82856.15,82411.79,82469.01,118.4462642
2025-03-29 15:00:00,82469.02,82600.0,82350.0,82392.06,102.72208967
2025-03-29 16:00:00,82396.38,82658.95,82140.63,82164.61,217.11898127
2025-03-29 17:00:00,82164.6,82591.5,81608.99,82315.14,306.18586025
2025-03-29 18:00:00,82315.13,82654.99,82194.64,82322.17,134.91127965
2025-03-29 19:00:00,82322.78,82728.12,82168.17,82727.58,180.37342098
2025-03-29 20:00:00,82727.58,82757.32,82398.0,82482.42,117.89277685
2025-03-29 21:00:00,82482.41,82663.04,82320.06,82476.15,75.97445085
2025-03-29 22:00:00,82476.15,82496.45,82225.79,82369.83,59.60737302
2025-03-29 23:00:00,82369.83,82659.74,82305.09,82616.83,46.12212482
2025-03-30 00:00:00,82624.06,82867.14,82462.18,82765.32,108.27352217
2025-03-30 01:00:00,82770.45,83051.32,82725.23,82917.26,115.24671939
2025-03-30 02:00:00,82918.72,83354.45,82897.65,83301.8,130.89409701
2025-03-30 03:00:00,83299.17,83489.19,83021.45,83071.92,112.41115645
2025-03-30 04:00:00,83069.36,83297.15,83046.56,83097.63,57.3365876
2025-03-30 05:00:00,83097.62,83209.79,82900.0,82941.71,41.36681131
2025-03-30 06:00:00,82941.7,83280.09,82825.21,83172.28,66.63564385
2025-03-30 07:00:00,83169.17,83302.05,83040.55,83054.77,34.36824967
2025-03-30 08:00:00,83054.77,83381.71,83054.76,83352.57,21.03789341
2025-03-30 09:00:00,83352.57,83499.0,83221.02,83476.66,49.56556302
2025-03-30 10:00:00,83473.8,83508.98,83034.16,83103.01,51.7213336
2025-03-30 11:00:00,83099.43,83346.72,82953.78,83100.64,47.96193999
2025-03-30 12:00:00,83100.64,83249.87,82955.18,83045.37,43.90783954
2025-03-30 13:00:00,83045.38,83137.99,82550.01,82670.92,124.19432851
2025-03-30 14:00:00,82655.14,82999.99,82588.55,82777.21,81.978032
2025-03-30 15:00:00,82779.31,83043.0,82689.0,82709.34,80.15591019
2025-03-30 16:00:00,82712.8,82793.28,82163.61,82272.12,175.10869277
2025-03-30 17:00:00,82272.11,82537.48,82028.32,82388.57,190.47941568
2025-03-30 18:00:00,82393.59,82758.67,82390.9,82696.31,135.5925635
2025-03-30 19:00:00,82696.31,82865.78,82515.0,82518.34,124.69254631
2025-03-30 20:00:00,82521.53,82632.71,82361.27,82544.57,95.52860697
2025-03-30 21:00:00,82544.26,82673.96,82036.57,82223.83,132.52193682
2025-03-30 22:00:00,82223.83,82746.03,81538.88,82406.03,311.31014175
2025-03-30 23:00:00,82414.59,82414.61,81916.32,82379.98,140.43349077
2025-03-31 00:00:00,82379.98,82440.58,81265.16,81623.07,247.5518822
2025-03-31 01:00:00,81640.82,82254.56,81527.25,81944.82,219.0916131
2025-03-31 02:00:00,81945.67,82157.91,81620.45,81922.76,124.44531446
2025-03-31 03:00:00,81922.64,82024.85,81459.07,81517.95,155.94606753
2025-03-31 04:00:00,81518.96,81862.84,81391.98,81840.11,112.14739874
2025-03-31 05:00:00,81837.95,82298.66,81816.9,82154.06,114.21766359
2025-03-31 06:00:00,82154.06,82256.87,81900.0,82038.42,117.04760566
2025-03-31 07:00:00,82038.41,82290.12,81729.23,81918.99,126.90462992
2025-03-31 08:00:00,81918.99,82256.2,81871.16,81894.91,121.24876759
2025-03-31 09:00:00,81895.2,81962.32,81317.65,81440.31,161.44478746
2025-03-31 10:00:00,81444.09,82211.03,81277.02,82159.85,189.53704757
2025-03-31 11:00:00,82164.61,82273.15,81886.26,82199.88,272.65125052
2025-03-31 12:00:00,82194.87,83149.97,81900.0,82776.28,385.0245386
2025-03-31 13:00:00,82773.51,82874.42,81632.09,82485.44,783.05519326
2025-03-31 14:00:00,82485.43,83742.65,82471.83,83494.06,1111.88450904
2025-03-31 15:00:00,83494.06,83920.8,83389.43,83415.94,443.24063832
2025-03-31 16:00:00,83415.94,83698.0,83236.35,83284.62,247.08319491
2025-03-31 17:00:00,83284.62,83547.4,82561.75,82666.85,356.80160827
2025-03-31 18:00:00,82666.84,83562.01,82666.84,83282.95,317.42596652
2025-03-31 19:00:00,83282.94,83433.02,82372.35,82443.85,671.02739673
2025-03-31 20:00:00,82444.71,82836.52,82338.85,82418.9,203.6736954
2025-03-31 21:00:00,82418.82,82737.09,82390.93,82542.4,161.04159455
2025-03-31 22:00:00,82543.82,82558.64,82235.92,82385.1,99.70895913
2025-03-31 23:00:00,82388.15,82845.0,82264.67,82534.32,145.74561919
2025-04-01 00:00:00,82534.31,82811.38,82403.32,82633.87,168.22099688
2025-04-01 01:00:00,82631.24,82728.15,82435.87,82687.05,127.80592765
2025-04-01 02:00:00,82688.04,83093.51,82625.01,83079.78,232.04741872
2025-04-01 03:00:00,83079.78,83235.23,82906.3,82944.98,130.83338231
2025-04-01 04:00:00,82944.98,83218.65,82869.58,83049.62,86.44349699
2025-04-01 05:00:00,83049.51,83322.63,82976.86,82987.42,98.45106689
2025-04-01 06:00:00,82987.42,83488.05,82870.18,83451.66,170.34454335
2025-04-01 07:00:00,83455.15,83592.42,83370.33,83447.04,135.85045301
2025-04-01 08:00:00,83447.03,84201.94,83422.52,84108.91,315.73774034
2025-04-01 09:00:00,84108.9,84389.99,84098.99,84350.01,234.92504184
2025-04-01 10:00:00,84350.01,84507.19,84150.03,84185.04,270.79930301
2025-04-01 11:00:00,84178.3,84211.2,83819.89,83917.98,229.32099162
2025-04-01 12:00:00,83917.98,84149.65,83589.0,83600.09,204.0871676
2025-04-01 13:00:00,83600.09,83888.0,83379.78,83600.03,458.60927405
2025-04-01 14:00:00,83614.03,84351.13,82496.92,84189.67,1523.63480709
2025-04-01 15:00:00,84183.78,85519.56,84163.28,85288.24,1682.21156692
2025-04-01 16:00:00,85288.24,85500.76,84808.68,85112.42,773.99243241
2025-04-01 17:00:00,85112.41,85342.05,84893.02,85109.38,542.27153362
2025-04-01 18:00:00,85109.37,85188.0,84705.88,85123.34,368.15164128
2025-04-01 19:00:00,85119.8,85175.65,84794.57,84955.25,494.72106088
2025-04-01 20:00:00,84958.27,85350.0,84765.14,85241.19,272.08713258
2025-04-01 21:00:00,85244.63,85487.15,85121.0,85200.12,130.84691121
2025-04-01 22:00:00,85228.22,85477.54,85085.0,85094.08,271.93865523
2025-04-01 23:00:00,85094.08,85566.53,84976.37,85170.37,207.64438017
2025-04-02 00:00:00,85166.92,85271.44,84919.46,84960.02,250.90229997
2025-04-02 01:00:00,84961.52,85218.4,84850.0,85158.35,171.83135981
2025-04-02 02:00:00,85158.67,85176.9,84648.66,84719.01,183.86058579
2025-04-02 03:00:00,84719.0,84907.75,84504.67,84548.3,176.49488286
2025-04-02 04:00:00,84546.51,84731.47,84470.09,84610.18,146.65294073
2025-04-02 05:00:00,84610.19,84610.19,84094.34,84106.72,160.53586465
2025-04-02 06:00:00,84106.71,84359.76,83911.01,84126.77,237.34843489
2025-04-02 07:00:00,84126.76,84467.69,84007.37,84422.1,124.69605396
2025-04-02 08:00:00,84427.82,84752.33,84270.83,84674.76,284.76403859
2025-04-02 09:00:00,84674.75,85440.16,84636.26,85027.18,229.19198493
2025-04-02 10:00:00,85025.47,85300.0,84833.26,84861.24,130.00970529
2025-04-02 11:00:00,84861.34,84987.15,84545.45,84566.01,115.87410659
2025-04-02 12:00:00,84566.02,85058.18,84470.1,85050.13,310.54398545
2025-04-02 13:00:00,85050.13,86109.8,84472.34,85250.13,878.54875851
2025-04-02 14:00:00,85235.46,85972.56,85182.68,85874.71,764.74142637
2025-04-02 15:00:00,85874.74,87397.32,85799.86,86792.01,2277.87892119
2025-04-02 16:00:00,86784.19,87240.34,86595.93,87063.7,570.90961986
2025-04-02 17:00:00,87070.85,87337.12,86350.53,86621.13,676.97900515
2025-04-02 18:00:00,86618.36,86744.44,86211.37,86283.08,663.35167333
2025-04-02 19:00:00,86283.08,87035.76,86181.5,86925.98,783.80103137
2025-04-02 20:00:00,86922.03,88530.0,85202.17,85635.62,3225.55043312
2025-04-02 21:00:00,85674.64,85737.11,83057.97,84849.5,1670.82952664
2025-04-02 22:00:00,84841.8,84841.83,82640.96,82794.77,1575.31114961
2025-04-02 23:00:00,82793.83,82800.0,82283.01,82490.08,1137.67483471
2025-04-03 00:00:00,82490.1,83396.71,82140.41,83208.78,585.18059143
2025-04-03 01:00:00,83208.78,83953.45,83083.35,83755.74,424.27415
2025-04-03 02:00:00,83755.74,83888.66,83257.88,83763.39,263.66871406
2025-04-03 03:00:00,83763.39,83770.0,83341.98,83475.97,203.80055134
2025-04-03 04:00:00,83479.74,83746.3,83268.64,83550.04,179.79818025
2025-04-03 05:00:00,83550.04,83707.56,83324.99,83330.01,128.77677609
2025-04-03 06:00:00,83330.01,83415.32,83001.0,83051.97,183.07891635
2025-04-03 07:00:00,83054.1,83488.56,82999.99,83453.2,174.50416284
2025-04-03 08:00:00,83453.19,83774.16,83439.58,83682.77,314.63606246
2025-04-03 09:00:00,83682.79,83760.01,83438.79,83469.3,171.68107471
2025-04-03 10:00:00,83473.7,83740.79,83137.34,83215.48,262.34470764
2025-04-03 11:00:00,83214.6,83335.84,83020.1,83076.96,271.84317468
2025-04-03 12:00:00,83076.95,83131.19,81827.11,81928.33,777.91195051
2025-04-03 13:00:00,81928.74,82756.69,81755.0,82332.73,1267.03843177
2025-04-03 14:00:00,82331.09,82387.02,81260.0,81487.83,1571.08113538
2025-04-03 15:00:00,81484.53,82070.77,81177.7,82017.27,1361.28954868
2025-04-03 16:00:00,82014.97,82415.18,81684.25,81797.93,725.48505155
2025-04-03 17:00:00,81799.64,82148.44,81591.3,81799.94,540.49756749
2025-04-03 18:00:00,81799.94,82275.82,81495.38,82064.55,725.63277854
2025-04-03 19:00:00,82060.4,82319.62,81772.37,81949.14,673.97173223
2025-04-03 20:00:00,81955.72,82391.96,81750.07,82325.91,241.46024199
2025-04-03 21:00:00,82326.63,82828.28,82285.1,82688.87,271.4121107
2025-04-03 22:00:00,82688.87,82851.68,82562.0,82706.04,258.20637425
2025-04-03 23:00:00,82706.03,83298.09,82465.07,83174.33,223.33708072
2025-04-04 00:00:00,83178.68,83391.64,82956.75,83010.92,325.47596803
2025-04-04 01:00:00,83012.87,83318.67,82561.67,82668.97,214.90206215
2025-04-04 02:00:00,82678.47,83165.3,82671.53,82881.92,120.88062314
2025-04-04 03:00:00,82878.15,83042.16,82659.83,82793.31,138.45091962
2025-04-04 04:00:00,82792.8,82899.93,82574.38,82694.79,157.21666952
2025-04-04 05:00:00,82694.79,83182.44,82609.27,83169.87,164.11592714
2025-04-04 06:00:00,83169.88,83239.26,83008.36,83025.0,102.62001715
2025-04-04 07:00:00,83025.01,84000.0,83016.38,83989.28,299.80127721
2025-04-04 08:00:00,83988.18,84644.56,83988.18,84411.83,588.3368402
2025-04-04 09:00:00,84410.11,84720.67,84117.51,84571.01,300.18154608
2025-04-04 10:00:00,84571.01,84695.23,82395.61,82566.73,814.01253049
2025-04-04 11:00:00,82563.48,82765.84,81643.54,82667.11,813.3450147
2025-04-04 12:00:00,82656.36,83195.69,82178.91,82855.89,1455.9670293
2025-04-04 13:00:00,82850.61,83472.87,82100.01,83307.98,1462.19204724
2025-04-04 14:00:00,83314.1,83496.33,81800.01,82529.9,1920.72661391
2025-04-04 15:00:00,82517.82,83685.39,82430.12,82826.61,1401.9603954
2025-04-04 16:00:00,82832.41,83554.66,82681.21,83348.69,815.47490919
2025-04-04 17:00:00,83343.99,84597.31,82895.99,84439.62,1108.38624388
2025-04-04 18:00:00,84439.61,84584.34,83697.02,83954.71,710.609234
2025-04-04 19:00:00,83954.72,84437.68,83737.92,83967.63,718.97248172
2025-04-04 20:00:00,83963.41,84260.01,83459.54,84126.44,417.62502244
2025-04-04 21:00:00,84132.24,84425.16,83906.63,84149.99,226.4896604
2025-04-04 22:00:00,84150.0,84249.9,84000.0,84027.96,144.04631646
2025-04-04 23:00:00,84027.96,84077.84,83610.51,83860.16,171.24157951
2025-04-05 00:00:00,83859.78,83859.9,83415.01,83760.75,167.81871667
2025-04-05 01:00:00,83760.75,84238.35,83760.75,83963.0,198.10147446
2025-04-05 02:00:00,83955.5,84068.56,83773.76,83945.56,128.49964427
2025-04-05 03:00:00,83945.56,83954.55,83595.59,83597.43,149.92533141
2025-04-05 04:00:00,83599.29,83852.87,83584.04,83665.54,123.22559572
2025-04-05 05:00:00,83665.54,83844.94,83607.9,83661.81,67.23970534
2025-04-05 06:00:00,83661.81,83707.37,83286.76,83450.44,132.02213469
2025-04-05 07:00:00,83450.43,83540.37,83330.25,83498.36,71.49971043
2025-04-05 08:00:00,83501.98,83628.28,83338.01,83491.72,58.51953248
2025-04-05 09:00:00,83491.95,83831.78,83482.92,83810.41,96.29575763
2025-04-05 10:00:00,83810.41,83875.61,83550.0,83619.37,43.21456856
2025-04-05 11:00:00,83618.36,83671.28,83404.17,83429.91,77.01927942
2025-04-05 12:00:00,83427.14,83533.91,83102.0,83253.9,124.14744939
2025-04-05 13:00:00,83253.9,83316.46,82500.0,82732.9,256.61379293
2025-04-05 14:00:00,82732.56,82998.0,82640.61,82887.08,173.33518658
2025-04-05 15:00:00,82883.72,82886.75,82346.61,82589.68,180.11112274
2025-04-05 16:00:00,82589.69,82795.41,82565.8,82716.85,97.73061813
2025-04-05 17:00:00,82719.8,82923.18,82644.17,82840.0,94.27504771
2025-04-05 18:00:00,82840.0,83084.03,82818.6,83005.23,112.01814125
2025-04-05 19:00:00,83005.23,83118.65,82737.25,82827.42,78.46156757
2025-04-05 20:00:00,82827.42,83081.62,82787.53,83049.51,81.63546216
2025-04-05 21:00:00,83049.52,83197.82,82866.0,82883.47,96.47340197
2025-04-05 22:00:00,82883.47,83189.99,82883.47,83156.11,113.24321104
2025-04-05 23:00:00,83156.12,83637.32,83091.5,83498.25,115.00275407
2025-04-06 00:00:00,83505.88,83585.07,83381.49,83494.94,97.56330016
2025-04-06 01:00:00,83494.93,83773.58,83376.24,83400.94,94.35646448
2025-04-06 02:00:00,83400.95,83467.59,83245.05,83269.69,70.66542931
2025-04-06 03:00:00,83268.83,83377.99,83131.54,83312.11,68.26906529
2025-04-06 04:00:00,83312.11,83475.21,83188.87,83470.46,55.25506483
2025-04-06 05:00:00,83470.46,83500.0,83300.0,83410.94,41.17854337
2025-04-06 06:00:00,83411.0,83437.13,83082.87,83082.88,47.29487662
2025-04-06 07:00:00,83087.13,83172.7,82973.68,82990.65,70.78810329
2025-04-06 08:00:00,82990.97,83015.38,82678.31,82995.72,90.68832648
2025-04-06 09:00:00,82993.68,83134.99,82881.3,83031.59,26.12923125
2025-04-06 10:00:00,83031.59,83039.62,82675.11,82830.31,58.77073364
2025-04-06 11:00:00,82830.32,82883.1,82611.13,82802.77,60.95407515
2025-04-06 12:00:00,82802.77,82943.8,82598.04,82659.0,102.33938224
2025-04-06 13:00:00,82658.99,82798.68,82205.93,82272.9,186.65195905
2025-04-06 14:00:00,82266.38,82751.53,82190.05,82639.36,207.39370903
2025-04-06 15:00:00,82639.36,82795.15,82366.82,82518.56,131.84362639
2025-04-06 16:00:00,82518.56,82542.7,81909.09,81951.32,260.77716604
2025-04-06 17:00:00,81951.31,81960.37,80542.14,80777.26,1048.54693259
2025-04-06 18:00:00,80777.54,80778.82,78612.49,79037.09,1924.02076468
2025-04-06 19:00:00,79042.29,79800.63,78766.91,79588.11,775.51488514
2025-04-06 20:00:00,79582.09,79861.24,78500.0,78820.0,800.63717966
2025-04-06 21:00:00,78820.0,79626.2,78668.2,78896.16,699.16503844
2025-04-06 22:00:00,78896.15,79059.73,77738.21,77984.1,2649.4431062
2025-04-06 23:00:00,77984.1,78621.18,77058.99,78370.75,1446.61251397
2025-04-07 00:00:00,78370.15,78461.77,77344.34,78274.74,853.5842665
2025-04-07 01:00:00,78274.46,79299.97,78252.96,79099.42,785.23627093
2025-04-07 02:00:00,79099.42,79180.62,78328.28,78388.64,393.5143325
2025-04-07 03:00:00,78398.27,78464.12,77298.81,77651.82,467.58647643
2025-04-07 04:00:00,77651.81,77935.29,76600.0,76927.63,836.93298558
2025-04-07 05:00:00,76927.62,77443.36,76572.28,76890.16,637.2451266
2025-04-07 06:00:00,76890.16,77243.04,74500.0,74718.76,1768.50059206
2025-04-07 07:00:00,74716.98,75401.69,74420.69,75039.76,897.84557989
2025-04-07 08:00:00,75036.15,76784.06,74997.67,76201.74,844.70392504
2025-04-07 09:00:00,76201.73,76751.48,75693.36,76233.57,618.97084411
2025-04-07 10:00:00,76229.64,77526.19,76097.0,76948.34,706.05985179
2025-04-07 11:00:00,76949.86,77366.42,76391.63,76649.67,446.91665763
2025-04-07 12:00:00,76647.99,77616.33,76370.0,77287.88,912.89172512
2025-04-07 13:00:00,77287.88,78454.15,75696.25,78310.71,2485.92393224
2025-04-07 14:00:00,78306.19,81223.67,77784.38,78991.23,5142.03562078
2025-04-07 15:00:00,78989.3,79350.55,77518.47,78444.26,2720.16650161
2025-04-07 16:00:00,78444.25,78594.49,77266.58,77391.99,1579.66478753
2025-04-07 17:00:00,77391.98,79172.21,77386.58,79030.23,1300.6191744
2025-04-07 18:00:00,79040.46,79336.74,78246.48,78443.13,988.30367014
2025-04-07 19:00:00,78447.98,78939.71,77975.0,78071.42,971.01153263
2025-04-07 20:00:00,78076.93,79106.33,78051.49,78921.07,364.32042198
2025-04-07 21:00:00,78921.07,79542.83,78650.0,79200.09,294.79199524
2025-04-07 22:00:00,79202.93,80190.96,79133.62,79934.94,353.9849952
2025-04-07 23:00:00,79934.93,80075.09,79060.0,79140.01,335.71804204
2025-04-08 00:00:00,79140.02,79581.42,78971.0,78999.43,325.43043959
2025-04-08 01:00:00,78995.1,80776.84,78750.01,80577.13,546.47783183
2025-04-08 02:00:00,80577.15,80849.98,79867.46,79907.63,397.35657515
2025-04-08 03:00:00,79907.63,80187.64,79727.79,79892.73,278.71362435
2025-04-08 04:00:00,79882.49,80388.76,79827.86,80280.84,263.6141273
2025-04-08 05:00:00,80280.84,80288.77,79500.03,79841.14,217.6899418
2025-04-08 06:00:00,79841.13,79841.13,79233.12,79433.75,256.82128368
2025-04-08 07:00:00,79421.91,79680.16,79196.2,79449.71,324.16677182
2025-04-08 08:00:00,79449.7,79483.07,78910.12,79136.23,319.17282308
2025-04-08 09:00:00,79128.82,79196.66,78834.23,78878.07,231.54865178
2025-04-08 10:00:00,78883.12,79152.53,78795.56,78980.02,267.99629103
2025-04-08 11:00:00,78980.02,80057.7,78934.95,79956.21,466.42759812
2025-04-08 12:00:00,79964.49,80113.48,79542.01,79798.78,281.23227834
2025-04-08 13:00:00,79806.62,80355.1,79333.41,79879.61,917.29578572
2025-04-08 14:00:00,79863.21,80238.77,78437.26,78446.82,1173.85811647
2025-04-08 15:00:00,78448.53,78828.86,78128.72,78467.74,967.81526886
2025-04-08 16:00:00,78467.73,78495.44,77285.66,77350.0,1443.6124954
2025-04-08 17:00:00,77352.36,77510.74,76474.87,77275.57,2039.71946931
2025-04-08 18:00:00,77288.33,77935.29,77016.98,77185.27,713.27689387
2025-04-08 19:00:00,77185.87,77303.25,76212.0,76751.4,1705.35571316
2025-04-08 20:00:00,76744.49,77172.0,76516.23,77066.82,763.17798265
2025-04-08 21:00:00,77066.82,77221.64,76653.33,77037.56,255.39994674
2025-04-08 22:00:00,77033.59,77069.85,76167.35,76651.06,461.21060006
2025-04-08 23:00:00,76651.05,76722.27,76225.0,76251.64,299.65300681
2025-04-09 00:00:00,76258.8,76801.53,75836.51,76449.99,491.37914705
2025-04-09 01:00:00,76452.46,76533.2,74553.01,76025.76,1629.95504998
2025-04-09 02:00:00,76036.23,76398.0,75506.6,75613.86,481.78119355
2025-04-09 03:00:00,75613.86,75814.92,74952.0,75012.31,382.10298758
2025-04-09 04:00:00,75009.44,76850.0,74906.26,76362.69,617.63250693
2025-04-09 05:00:00,76365.83,76894.68,76150.24,76683.97,319.15004799
2025-04-09 06:00:00,76685.81,77288.1,76644.09,76785.86,305.07063628
2025-04-09 07:00:00,76783.27,77942.36,76762.31,77665.4,749.11678231
2025-04-09 08:00:00,77666.86,77850.74,77027.12,77261.17,251.46849258
2025-04-09 09:00:00,77261.47,77524.41,77133.26,77439.85,420.06311766
2025-04-09 10:00:00,77439.85,77540.83,76905.97,77148.43,374.39326834
2025-04-09 11:00:00,77157.54,77161.48,75721.12,76201.93,958.22916538
2025-04-09 12:00:00,76193.99,77012.49,75974.35,76708.07,476.36342079
2025-04-09 13:00:00,76710.3,77802.79,76640.0,77616.99,1275.82404202
2025-04-09 14:00:00,77617.17,78248.42,76704.66,76788.9,1640.83388085
2025-04-09 15:00:00,76793.69,77571.05,76737.1,77193.8,675.97118381
2025-04-09 16:00:00,77193.73,78300.0,77054.39,78205.91,996.97947086
2025-04-09 17:00:00,78209.23,82289.15,77576.77,82183.56,5092.75918964
2025-04-09 18:00:00,82188.09,82999.99,81652.59,81750.0,2605.04993482
2025-04-09 19:00:00,81750.07,82568.41,81717.34,82301.16,1220.47363154
2025-04-09 20:00:00,82301.2,83233.0,82000.0,83181.97,1000.32021996
2025-04-09 21:00:00,83181.96,83583.35,82833.01,83272.89,651.18070576
2025-04-09 22:00:00,83272.89,83500.0,82940.16,83047.18,517.21392426
2025-04-09 23:00:00,83046.72,83155.14,82513.71,82594.75,451.6326409
2025-04-10 00:00:00,82593.15,82730.93,82035.73,82326.37,473.41058725
2025-04-10 01:00:00,82326.36,82576.9,82182.35,82227.42,348.39750761
2025-04-10 02:00:00,82227.41,82547.81,82169.15,82174.34,303.45940964
2025-04-10 03:00:00,82174.62,82198.99,81442.78,81744.34,410.94584782
2025-04-10 04:00:00,81743.45,82052.48,81616.45,82000.0,238.64340726
2025-04-10 05:00:00,82000.0,82217.2,81892.62,82142.32,194.43695888
2025-04-10 06:00:00,82142.32,82327.99,81816.22,82125.68,109.97961647
2025-04-10 07:00:00,82125.67,82227.69,81274.0,81583.67,227.6895941
2025-04-10 08:00:00,81583.66,81834.09,81400.02,81528.16,180.70886165
2025-04-10 09:00:00,81526.71,82074.23,81319.82,82016.82,181.61777982
2025-04-10 10:00:00,82016.83,82115.04,81522.17,81722.39,344.62961654
2025-04-10 11:00:00,81722.4,81897.05,81455.61,81829.71,120.59369116
2025-04-10 12:00:00,81829.71,82398.91,81409.0,81672.02,747.64988384
2025-04-10 13:00:00,81673.27,81912.56,80722.0,80812.99,937.4945409
2025-04-10 14:00:00,80815.24,81776.61,80555.52,81218.13,958.16735775
2025-04-10 15:00:00,81215.26,81297.99,78548.52,78692.32,1624.34412205
2025-04-10 16:00:00,78692.21,79646.73,78387.24,79399.95,1248.80570401
2025-04-10 17:00:00,79399.94,79638.08,78536.69,79269.04,1002.82906661
2025-04-10 18:00:00,79274.0,79840.0,79156.42,79434.58,651.58059104
2025-04-10 19:00:00,79435.0,79982.9,79233.47,79574.75,669.55093225
2025-04-10 20:00:00,79589.33,79900.0,79510.0,79874.59,323.52027273
2025-04-10 21:00:00,79884.84,79989.63,79626.86,79666.55,151.48478561
2025-04-10 22:00:00,79666.55,79872.41,79494.86,79650.85,226.53568264
2025-04-10 23:00:00,79650.86,79703.51,79338.09,79552.34,199.65196926
2025-04-11 00:00:00,79552.34,79713.5,78919.94,78988.75,324.20215725
2025-04-11 01:00:00,78988.75,80408.11,78955.52,80401.26,330.94334655
2025-04-11 02:00:00,80405.56,80796.19,80106.62,80254.21,470.32437036
2025-04-11 03:00:00,80254.2,80868.22,80245.7,80801.48,218.72072754
2025-04-11 04:00:00,80801.48,81060.99,80676.45,80842.85,237.79744427
2025-04-11 05:00:00,80840.66,80870.76,80462.64,80774.42,194.9385455
2025-04-11 06:00:00,80774.43,81268.16,80774.43,81056.21,146.48772415
2025-04-11 07:00:00,81057.09,81396.94,80796.09,81224.99,151.08737145
